PRD0006,PRD0018,PRD0019,PRD0021,PRD0029,PRD0030,PRD0031,PRD0033,PRD0042,PRD0043,PRD0047,PRD0048,PRD0053,PRD0054,PRD0061,PRD0064,PRD0068,PRD0070,PRD0072,PRD0073,PRD0076,PRD0086,PRD0091,PRD0095,PRD0096,PRD0097,PRD0103,PRD0106,PRD0109,PRD0116,PRD0124,PRD0126,PRD0128,PRD0131,PRD0132,PRD0134,PRD0140,PRD0142,PRD0151,PRD0154,PRD0158,PRD0160,PRD0161,PRD0167,PRD0169,PRD0174,PRD0180,PRD0183,PRD0184,PRD0186,PRD0188,PRD0191,PRD0196,PRD0202,PRD0203,PRD0205,PRD0211,PRD0212,PRD0224,PRD0226,PRD0238,PRD0241,PRD0243,PRD0252,PRD0253,PRD0263,PRD0268,PRD0270,PRD0271,PRD0274,PRD0275,PRD0281,PRD0286,PRD0295,PRD0298,PRD0300,PRD0314,PRD0327,PRD0340,PRD0347,PRD0349,PRD0355,PRD0360,PRD0361,PRD0362,PRD0366,PRD0367,PRD0373,PRD0388,PRD0389,PRD0392,PRD0394,PRD0397,PRD0399,PRD0400,PRD0401,PRD0402,PRD0403,PRD0409,PRD0410,PRD0412,PRD0416,PRD0417,PRD0433,PRD0435,PRD0437,PRD0439,PRD0440,PRD0444,PRD0445,PRD0448,PRD0449,PRD0452,PRD0458,PRD0466,PRD0670,PRD0778,PRD0783,PRD0792,PRD0794,PRD0807,PRD0812,PRD0817,PRD0822,PRD0832,PRD0839,PRD0842,PRD0844,PRD0847,PRD0854,PRD0855,PRD0872,PRD0893,PRD0895,PRD0896,PRD0900,PRD0905,PRD0906,PRD0908,PRD0912,PRD1033,PRD1036,PRD1049,PRD1050,PRD1073,PRD1079,PRD1088,PRD1089,PRD1090,PRD1162
193,187,143,224,108,141,139,96,121,136,218,230,221,118,88,114,211,260,152,253,263,152,108,180,118,103,153,170,142,286,182,178,132,221,204,132,144,194,115,147,197,81,138,158,134,149,126,176,98,228,104,122,211,78,140,191,93,136,95,156,113,102,144,100,282,79,99,164,152,91,234,214,70,126,78,140,75,179,110,118,103,76,139,163,99,110,94,73,39,77,50,66,67,48,94,40,64,33,54,47,38,31,46,51,79,45,33,69,38,59,35,54,104,53,35,72,49,52,83,41,47,129,71,49,77,77,57,71,69,143,86,65,125,55,66,113,72,95,83,80,108,77,164,62,58,64,109,100,35,25
201,181,93,283,94,143,145,141,136,104,165,233,341,141,158,116,188,318,144,252,257,199,105,203,113,89,150,149,95,325,158,124,93,169,180,158,138,191,88,143,258,101,116,114,223,138,111,170,120,181,123,91,174,71,99,196,83,114,65,188,123,230,125,98,311,134,129,168,178,128,199,210,158,193,131,133,70,201,126,81,147,128,121,165,107,145,136,49,74,113,38,64,45,88,59,37,38,64,64,37,36,37,33,77,74,68,52,97,57,44,30,45,87,31,48,78,82,40,98,41,61,91,80,56,40,93,64,55,85,77,43,70,89,60,64,57,56,66,65,81,83,45,140,87,35,114,82,152,40,11
159,121,97,194,116,105,96,118,95,104,159,151,251,120,81,128,228,196,112,233,204,66,119,176,96,81,119,159,138,280,131,193,103,206,165,101,109,161,95,106,234,73,150,105,170,79,115,146,74,177,143,64,184,132,117,199,117,172,48,131,76,126,75,66,165,76,100,121,135,78,185,173,118,123,95,133,80,124,69,132,70,91,113,124,152,129,100,67,56,54,69,74,55,60,62,37,72,62,54,70,23,51,32,53,67,56,56,51,33,76,45,31,47,83,60,52,86,57,71,74,22,111,94,69,54,70,82,59,59,72,63,59,57,73,42,75,54,89,72,81,85,74,60,106,66,33,44,152,83,20
180,102,95,184,115,101,196,105,65,125,131,187,255,112,88,124,213,189,132,187,221,136,100,194,66,115,139,143,78,259,129,165,110,135,220,111,175,171,103,120,254,60,120,137,203,127,91,167,122,100,153,128,155,106,114,169,92,178,59,154,109,173,83,129,192,85,81,91,132,89,209,128,104,186,53,128,85,220,116,115,58,96,54,83,104,67,68,34,49,92,30,55,76,64,59,27,58,30,9,34,48,12,44,47,70,74,40,38,25,58,55,57,90,29,71,52,92,36,52,55,67,63,43,71,35,61,66,40,90,64,63,51,68,39,72,93,54,75,77,66,95,55,140,75,46,43,68,143,78,25
171,164,120,170,126,155,197,107,117,143,173,213,311,92,74,88,173,261,140,251,269,131,128,137,139,111,99,194,162,208,147,136,127,200,186,108,106,190,119,131,161,101,123,159,218,113,93,230,139,192,118,83,246,112,123,215,99,179,118,156,92,119,145,76,251,68,137,126,179,68,215,188,82,99,102,85,95,164,81,116,78,86,136,180,129,87,91,83,40,94,43,44,67,53,72,48,68,41,57,38,36,45,75,92,42,105,28,51,54,46,20,27,54,34,32,69,60,36,84,62,55,43,58,65,45,94,74,46,98,48,65,47,84,72,82,79,57,54,80,65,120,95,179,57,31,52,63,140,42,13
175,225,99,279,102,219,204,118,115,186,187,225,311,177,138,138,179,303,103,285,319,238,117,186,90,104,195,189,83,253,97,177,139,214,245,154,172,232,81,182,229,121,173,143,183,211,151,280,142,190,212,179,200,146,134,233,130,160,115,241,169,149,116,127,255,104,120,138,186,92,209,237,163,179,116,116,115,169,105,150,134,149,145,228,160,92,117,109,54,71,42,73,35,108,76,49,99,52,80,91,82,24,48,93,92,48,37,46,66,120,44,42,62,51,24,73,67,71,84,59,92,106,85,119,53,92,109,73,86,111,78,44,77,69,55,71,107,61,93,80,110,38,219,99,87,89,45,207,119,28
172,216,96,222,128,164,149,116,140,107,162,164,215,106,69,104,194,229,115,190,230,127,79,142,117,53,114,154,146,218,94,170,117,177,188,171,83,141,88,152,246,131,126,120,152,104,90,201,93,159,133,102,144,71,122,189,108,69,63,154,120,92,108,115,276,71,76,157,141,126,143,152,80,158,67,113,143,146,102,111,101,111,85,162,134,94,97,43,86,70,45,93,35,57,52,46,103,41,43,47,52,31,62,73,53,77,36,44,40,42,54,34,89,39,24,74,52,39,62,70,72,69,67,44,23,37,86,47,59,84,59,53,65,100,79,75,52,48,97,65,78,51,115,74,54,54,21,124,67,18
195,187,138,176,138,181,180,98,153,201,181,185,270,116,146,146,238,272,120,276,277,186,105,233,162,175,172,124,122,356,143,171,189,219,232,167,127,261,144,110,286,112,166,169,173,160,167,199,182,205,132,70,162,121,147,230,116,204,95,158,131,249,109,82,335,125,114,209,164,103,196,227,139,200,98,130,84,228,130,113,119,94,144,203,148,169,129,83,38,97,63,72,38,72,82,42,92,70,56,47,47,42,62,73,65,90,66,67,44,94,66,59,104,44,46,49,57,41,76,103,76,84,84,76,50,92,85,97,84,97,96,37,53,64,59,65,55,88,93,56,110,50,87,51,72,59,39,129,26,15
170,153,193,176,122,156,175,70,98,163,138,169,258,153,98,84,163,275,137,164,216,168,119,214,115,134,139,162,123,367,77,116,116,210,194,146,146,191,108,132,216,82,89,114,153,151,161,152,75,184,108,92,118,89,99,165,91,110,56,170,123,145,127,92,220,138,79,153,148,118,202,200,69,156,101,76,135,143,118,95,82,127,138,180,119,120,102,87,43,70,52,52,35,47,49,49,55,56,44,48,30,33,43,47,74,83,56,43,47,44,80,55,92,44,53,55,65,37,71,55,65,100,91,65,45,84,83,55,66,115,70,74,50,48,36,54,81,64,79,107,105,89,176,73,100,55,26,160,54,4
200,202,129,323,139,220,208,115,155,171,280,195,339,195,171,151,264,253,115,291,319,160,139,246,164,162,192,227,158,358,186,167,188,292,220,150,149,216,164,143,345,150,124,230,272,140,158,253,158,239,191,111,176,185,175,227,194,160,114,224,171,159,136,155,346,65,135,226,221,122,228,279,149,206,134,106,139,205,171,160,149,142,147,200,212,104,198,135,82,93,31,71,89,96,105,53,79,75,106,51,80,48,106,88,95,74,72,114,75,74,39,75,95,71,79,96,71,55,121,94,44,133,118,80,73,82,120,77,74,95,89,80,96,87,81,85,116,67,90,129,118,62,156,67,94,92,87,153,66,26
150,170,121,179,100,134,141,114,137,83,134,127,263,131,94,122,148,305,108,206,180,184,113,170,96,89,151,151,132,257,138,163,111,185,177,173,100,164,135,104,241,108,135,123,229,136,103,123,72,181,175,131,183,97,164,184,61,164,73,182,86,127,91,97,196,84,139,183,159,55,208,184,51,185,118,71,115,107,75,116,82,136,125,139,134,104,82,97,59,63,42,56,75,45,90,80,45,36,75,24,53,58,68,56,78,99,41,30,39,53,41,32,92,30,39,51,53,43,58,68,50,71,80,43,33,78,129,58,52,89,53,63,104,61,44,58,65,57,119,85,116,23,115,66,59,73,81,85,67,6
149,172,111,159,97,140,201,90,118,94,147,187,227,70,102,97,190,210,129,228,277,124,122,107,146,142,109,148,85,290,89,147,130,171,190,104,114,220,111,125,177,132,91,105,199,156,99,165,101,162,114,107,175,99,108,162,121,124,73,140,90,113,101,55,232,72,46,108,142,85,153,181,112,141,106,142,80,124,97,99,72,75,82,172,128,108,74,65,37,57,39,64,49,30,62,51,54,31,51,33,39,55,70,49,58,88,31,41,56,53,44,40,70,52,39,58,77,70,74,65,35,98,83,60,32,62,59,53,91,87,69,24,83,31,45,47,71,52,67,44,83,51,162,76,65,43,62,125,91,17
219,214,126,271,119,243,166,95,236,154,182,214,258,140,129,158,196,290,86,168,245,163,121,190,148,93,199,170,111,283,141,182,146,272,191,165,131,188,164,207,274,153,170,173,233,158,143,177,76,240,136,180,186,73,178,275,92,144,88,165,115,122,189,124,355,102,105,177,101,92,170,208,113,180,77,109,129,167,166,95,143,135,84,234,162,174,84,83,76,121,85,53,72,79,63,52,98,74,57,41,57,51,63,67,90,46,42,86,63,79,52,74,107,79,52,70,96,66,90,85,52,116,110,53,65,83,95,75,72,90,78,50,61,65,67,97,91,66,95,73,155,37,128,114,61,90,81,153,80,33
194,217,77,231,116,226,181,129,165,152,146,215,262,186,77,118,263,320,127,233,270,207,174,160,103,106,95,185,153,357,136,176,96,221,209,173,146,196,148,138,251,139,139,163,213,182,194,178,146,243,177,163,201,107,127,231,139,151,94,161,84,180,150,129,210,124,109,154,119,130,229,225,99,176,99,159,107,158,96,121,109,118,127,188,107,109,97,75,34,114,94,81,73,61,77,46,76,46,86,41,35,40,50,55,63,117,71,55,36,37,80,43,100,79,59,55,101,70,100,80,57,102,102,116,74,81,74,60,92,114,67,38,115,68,68,80,77,57,89,80,114,38,122,78,55,60,116,100,47,26
129,167,56,188,58,141,111,104,73,99,115,126,154,102,99,59,208,230,94,144,233,98,78,123,104,77,149,152,93,284,115,169,84,212,155,134,110,165,104,76,204,47,106,139,134,162,98,181,76,145,110,83,165,146,135,188,89,114,79,179,118,137,102,98,246,113,86,82,116,90,175,144,67,137,55,82,93,127,68,103,105,131,164,164,73,114,99,57,38,79,43,71,45,78,52,29,41,65,55,59,77,31,23,51,93,51,60,32,46,40,18,42,78,17,42,64,55,14,44,56,49,82,68,74,31,70,31,68,87,69,63,70,33,44,39,41,59,68,72,60,74,31,112,19,84,51,81,92,74,5
140,169,84,140,60,159,120,62,91,67,97,161,232,116,90,114,145,192,53,144,188,106,140,160,124,152,92,167,93,263,90,152,103,131,212,106,54,150,134,156,178,81,96,112,129,113,72,177,110,140,75,108,183,61,108,150,99,125,87,182,98,114,85,81,174,96,138,129,112,83,159,150,89,120,51,50,96,141,74,77,111,126,126,112,105,132,103,68,38,39,46,79,24,57,50,24,51,25,46,54,45,26,40,80,79,57,41,40,56,45,26,50,68,33,53,36,33,43,60,46,27,43,67,49,54,43,46,31,68,48,80,39,55,34,37,36,47,33,49,42,59,37,122,72,78,54,21,87,76,5
156,194,123,203,112,128,168,128,113,115,176,185,253,135,96,145,226,286,154,274,274,149,119,214,128,134,147,176,129,355,152,218,113,205,204,141,137,172,126,108,248,103,146,167,225,181,117,171,143,180,161,118,222,145,186,206,85,155,100,190,139,182,146,141,312,102,86,198,197,142,241,251,121,172,121,126,105,143,124,110,105,91,195,167,135,156,77,95,76,88,26,79,46,27,87,33,114,28,73,34,43,29,48,56,97,44,72,70,31,41,40,88,87,28,79,66,63,84,71,93,78,79,95,76,47,134,64,68,73,114,82,51,79,26,67,80,47,58,102,97,133,54,146,81,72,98,72,109,87,21
162,206,118,156,141,170,136,120,119,95,145,192,256,164,83,133,212,294,134,247,283,161,142,165,143,156,148,174,164,329,83,214,152,165,213,139,142,230,118,95,248,106,185,119,210,114,178,158,115,132,145,152,201,155,172,246,103,140,126,253,109,148,145,125,248,91,178,152,125,135,153,279,181,162,118,100,134,207,168,88,162,124,117,216,178,125,108,103,81,89,49,57,71,69,97,44,92,70,57,47,103,64,81,70,77,86,37,117,57,46,21,73,89,59,48,111,69,60,58,72,67,118,53,53,78,73,59,42,82,76,67,60,57,83,59,94,101,45,112,121,93,62,101,121,80,91,76,135,71,44
169,148,87,183,103,161,209,109,134,100,175,189,240,143,95,162,144,223,95,188,232,148,124,176,120,125,137,196,83,190,98,210,164,148,148,155,135,129,135,134,164,112,107,128,191,123,66,179,109,142,138,77,163,113,121,175,122,127,77,210,137,143,86,92,173,86,130,193,156,48,224,172,107,143,59,95,95,119,82,103,99,154,84,109,89,155,83,57,51,67,31,51,20,34,47,52,61,41,49,41,37,67,46,37,73,50,52,38,44,41,23,46,90,60,20,83,104,56,36,53,36,99,92,44,37,85,70,49,66,67,60,47,30,77,81,93,62,39,83,65,97,30,144,83,36,47,72,122,20,12
208,195,75,192,85,165,171,75,93,116,154,162,286,97,130,177,257,280,159,206,224,150,116,147,138,102,90,185,131,310,94,220,160,228,219,108,114,206,139,126,221,132,140,115,231,100,117,179,111,222,180,106,198,176,105,255,123,146,109,224,148,156,160,120,247,90,190,176,171,77,184,237,152,195,91,85,76,235,138,121,138,114,121,159,130,119,159,113,38,77,57,52,38,70,75,42,66,49,66,38,39,43,41,86,60,95,34,57,76,80,39,43,47,35,43,64,69,56,57,73,75,80,81,100,81,57,71,81,87,87,62,36,78,53,80,75,59,90,79,97,120,63,202,141,52,126,63,108,32,16
213,178,127,245,94,180,143,88,123,96,163,173,278,149,72,129,162,269,143,233,242,142,93,143,140,118,81,157,122,233,94,186,70,151,249,129,90,170,103,106,223,162,130,156,203,115,140,196,100,146,157,71,182,118,144,249,109,116,99,203,92,140,109,100,234,140,82,156,122,141,234,150,81,190,105,107,103,188,66,133,99,127,70,153,128,152,90,78,45,135,40,33,37,59,58,34,76,41,63,27,61,40,53,51,83,45,22,66,27,69,36,29,79,35,36,58,66,33,51,73,58,73,102,38,56,103,56,47,64,67,48,52,71,58,70,76,75,81,83,90,133,66,118,111,63,67,53,129,51,50
167,128,87,234,53,152,161,92,151,128,83,166,247,83,61,105,193,162,117,178,249,72,102,141,99,123,127,95,100,225,137,123,123,221,122,111,120,118,81,99,257,71,102,127,175,105,92,147,74,120,121,72,176,77,85,200,122,81,85,155,121,93,100,94,227,63,147,128,154,62,186,194,116,115,95,90,114,122,87,108,90,73,66,173,151,99,105,66,46,67,21,50,107,73,57,27,65,34,65,28,55,48,27,40,59,49,36,82,32,60,40,52,51,33,40,68,57,70,75,78,62,78,68,65,33,76,60,22,95,82,49,55,60,71,25,53,44,46,61,61,110,75,96,89,61,77,95,66,24,22
160,154,74,212,82,73,126,126,107,104,109,134,219,111,91,99,111,217,88,177,231,145,114,139,115,97,96,95,65,170,86,136,51,113,189,133,87,176,161,97,195,92,74,161,198,99,115,123,124,125,101,45,133,102,90,146,69,146,91,157,82,118,99,120,216,101,67,128,98,108,134,169,55,115,111,135,78,112,103,96,68,73,60,100,98,82,120,64,38,79,33,58,60,32,77,31,63,37,32,58,36,21,50,50,78,57,37,44,25,46,30,38,60,82,38,32,48,42,52,45,52,53,52,57,42,59,75,51,94,63,52,51,33,33,45,63,38,58,91,44,133,55,124,60,44,56,30,91,33,26
187,164,145,186,124,128,185,110,86,142,121,155,293,163,102,113,195,249,116,222,246,141,123,155,88,88,128,113,157,305,126,193,142,228,201,143,88,210,98,124,270,118,97,100,212,98,106,188,142,160,169,124,191,148,127,195,103,143,94,160,133,175,153,134,252,95,146,139,158,105,164,179,105,177,101,133,83,151,99,100,129,109,112,134,145,141,95,100,40,75,78,49,46,72,67,46,87,26,50,51,42,60,69,103,64,80,29,37,78,60,36,62,75,35,40,78,65,77,67,90,50,106,68,48,46,81,65,48,86,127,96,66,88,52,45,69,73,61,81,117,115,104,155,110,52,76,83,82,56,20
166,122,61,155,117,147,121,124,113,75,139,195,182,154,119,100,171,191,91,174,268,144,105,154,114,89,121,122,96,251,93,213,126,183,226,131,99,171,111,102,160,95,89,131,194,99,101,156,71,108,90,128,172,126,123,272,142,113,62,235,81,146,106,44,242,119,99,109,143,41,164,147,76,156,134,76,109,185,93,77,94,88,67,188,110,127,88,91,67,36,47,64,34,49,56,38,65,50,31,45,27,51,49,68,54,70,33,34,52,65,44,45,90,68,48,80,55,61,61,32,60,128,77,43,56,80,58,39,75,68,48,47,57,60,70,76,73,52,65,45,97,27,66,51,75,51,91,179,43,18
166,173,116,172,112,145,186,104,107,128,151,188,188,129,94,76,212,242,101,156,157,164,57,158,106,87,123,175,83,258,105,182,116,159,251,141,104,201,94,121,210,155,105,144,217,160,91,150,152,193,171,120,153,115,123,163,101,136,129,184,112,130,72,86,263,90,80,164,139,106,147,208,142,133,82,97,119,166,91,128,108,94,104,151,95,102,95,114,64,60,39,105,52,40,71,23,37,51,64,40,45,59,21,61,77,67,15,58,62,66,31,23,107,54,47,61,71,42,75,92,58,70,65,70,25,101,66,59,47,63,68,72,97,54,48,71,40,49,84,62,87,94,152,40,105,53,81,170,31,11
211,124,79,202,125,151,176,117,128,172,199,168,262,144,92,82,137,248,137,149,239,125,106,211,79,78,171,205,186,312,95,192,164,232,168,111,141,175,129,117,257,117,117,116,197,99,100,157,58,195,140,79,198,118,144,187,121,159,83,155,108,179,124,118,225,82,141,180,155,68,223,188,110,174,127,72,119,270,134,114,181,90,152,144,77,154,102,85,68,78,54,78,34,108,75,37,62,39,65,67,55,58,42,91,58,66,18,48,45,50,41,46,62,55,33,64,55,64,118,90,58,112,51,78,54,93,57,37,84,87,67,65,92,61,56,80,82,72,78,114,90,101,113,142,56,61,66,143,52,37
145,192,98,197,118,179,132,144,143,110,162,192,218,109,84,137,206,231,123,220,241,87,149,198,130,129,157,181,113,289,156,157,128,225,153,144,85,243,152,155,273,132,123,139,186,101,136,174,112,208,138,98,187,60,137,197,139,161,120,186,160,166,172,70,232,141,85,126,129,86,152,193,116,155,128,123,110,214,110,93,83,73,109,172,156,114,98,66,87,81,47,58,90,67,88,54,87,49,63,36,45,32,78,94,54,53,41,63,77,46,36,52,51,65,43,48,43,35,69,98,56,67,68,53,46,102,45,31,74,69,71,46,75,42,102,73,68,85,66,60,110,56,127,59,72,47,62,144,60,26
197,188,94,173,146,178,200,135,121,86,220,155,268,248,92,122,206,307,109,174,201,158,129,207,135,146,78,120,100,264,147,147,124,191,204,98,96,232,160,109,226,104,132,161,227,156,133,155,84,132,162,93,155,160,93,210,135,182,113,254,140,110,99,67,203,81,138,165,186,116,200,239,94,169,113,85,113,169,89,128,79,100,86,165,100,114,93,76,50,87,38,77,65,80,71,46,57,33,69,76,32,19,48,82,60,62,46,61,50,64,48,75,103,55,51,69,53,44,71,86,69,85,62,69,43,93,94,40,62,100,54,27,112,95,72,82,65,64,102,87,98,36,113,78,57,83,60,124,78,32
163,124,70,165,105,117,101,111,108,77,147,134,166,106,79,71,166,237,105,252,228,134,92,188,102,98,117,158,96,265,110,166,109,182,202,111,139,113,128,101,304,75,120,135,184,139,88,179,97,223,204,82,234,116,139,218,106,191,83,125,96,123,131,60,156,93,90,155,99,124,185,195,74,209,95,108,134,132,124,158,70,88,103,185,130,162,90,63,38,117,51,70,67,72,46,32,61,49,29,70,34,18,45,33,77,88,24,33,79,56,30,32,81,82,49,62,63,33,47,39,41,116,53,48,32,26,34,37,61,87,74,37,57,60,29,42,64,56,75,65,135,51,84,57,28,39,57,140,36,11
188,153,130,220,137,148,140,53,101,82,181,149,244,109,113,110,206,182,92,204,233,99,136,92,115,81,105,122,87,285,85,148,106,225,171,131,134,183,179,116,201,104,128,146,163,168,100,153,74,175,111,90,124,124,123,166,124,130,42,153,135,146,159,77,229,84,84,114,71,65,137,153,76,120,125,66,55,130,79,86,112,88,91,142,107,120,66,57,52,61,32,58,75,40,54,37,21,61,42,66,44,36,30,50,77,23,32,30,33,43,51,17,64,35,59,57,80,37,62,37,67,98,66,29,30,69,39,41,32,55,55,60,81,48,33,42,42,48,50,65,92,54,79,41,49,57,43,96,37,11
176,152,118,223,117,175,194,171,163,112,135,155,229,145,132,126,219,270,150,217,242,160,96,185,138,77,135,174,103,312,119,176,119,161,227,149,84,178,98,90,229,86,158,140,158,103,140,167,114,265,127,93,182,95,139,209,89,146,94,137,89,133,153,72,241,105,104,187,137,88,189,240,77,112,130,142,86,184,51,148,83,110,155,167,114,124,166,74,57,69,72,73,64,57,57,34,42,46,72,58,63,34,52,101,48,65,45,45,37,54,41,44,99,83,35,61,60,38,63,47,55,118,43,38,58,96,69,61,59,113,39,64,65,51,53,91,95,65,85,62,78,58,132,118,73,82,45,135,42,10
137,142,72,132,87,120,137,76,69,128,127,126,188,113,75,86,87,216,112,166,186,83,115,135,61,94,75,113,103,182,81,163,51,166,184,122,47,143,133,162,186,82,83,108,136,108,54,157,70,138,109,115,154,136,94,193,102,112,72,124,66,127,74,32,279,46,86,101,133,46,135,97,62,152,60,84,45,146,75,100,65,110,73,103,97,81,82,79,87,82,31,90,55,51,67,34,67,36,44,22,47,39,23,53,32,59,21,39,66,58,63,40,42,59,50,54,45,54,45,33,23,86,74,57,24,49,52,19,59,71,55,54,62,39,31,57,23,32,57,56,60,37,78,62,59,24,30,96,51,22
140,170,107,187,119,162,113,118,119,119,146,135,209,128,136,102,165,242,136,196,172,231,138,102,123,122,101,107,88,268,127,164,190,149,160,111,113,164,126,142,265,152,113,156,178,101,143,173,115,155,138,100,165,123,141,219,116,159,82,184,136,150,110,93,267,97,89,138,174,109,165,178,91,111,86,142,69,147,96,84,94,96,50,187,129,134,120,53,70,70,39,67,68,77,88,28,75,46,90,53,40,18,55,71,73,66,37,56,49,48,47,37,92,70,41,69,73,56,89,87,60,62,55,70,29,96,73,46,41,89,69,67,61,81,76,56,48,65,66,88,91,63,150,102,59,51,100,116,75,26
141,138,94,234,67,153,112,170,96,113,157,220,226,139,128,90,203,223,93,231,245,102,77,109,79,116,103,128,104,339,97,143,123,159,169,105,97,164,116,124,223,120,134,65,158,123,73,139,104,126,102,59,172,77,122,218,131,132,66,170,81,134,96,79,160,81,102,134,89,52,136,168,83,96,92,95,61,146,69,86,109,78,107,99,130,63,99,70,55,63,54,61,48,85,36,43,84,46,55,53,33,33,57,67,63,42,22,41,54,57,33,39,66,64,52,42,86,34,54,92,56,52,43,30,51,45,73,38,52,78,52,37,63,25,30,69,45,28,86,70,111,44,108,40,82,39,49,78,15,7
141,194,134,230,105,182,120,119,93,145,130,149,225,103,108,115,142,238,124,140,168,119,108,217,107,125,107,147,106,278,62,104,90,146,116,112,94,139,81,134,179,103,81,114,173,133,61,165,115,177,123,82,171,109,131,179,55,115,99,179,61,98,109,47,220,66,82,131,140,89,182,180,49,150,62,84,105,155,149,132,69,61,66,130,110,111,114,51,38,59,26,49,44,55,45,21,70,41,55,42,39,20,58,33,37,40,29,52,11,37,29,31,104,35,57,41,70,76,58,28,51,53,56,38,72,55,70,43,52,61,62,50,48,56,69,49,34,74,46,63,57,54,123,100,54,51,101,87,22,50
192,199,125,150,88,91,160,108,116,125,149,180,247,85,105,88,108,219,106,155,210,130,98,124,84,98,84,86,90,252,85,97,143,176,222,113,89,146,112,103,182,80,106,166,157,86,162,108,126,172,91,82,133,60,120,127,115,117,80,134,109,134,109,69,227,112,141,109,58,74,133,145,67,159,80,71,110,141,108,78,58,92,100,154,130,97,93,60,53,70,40,38,15,58,64,37,66,34,35,62,55,38,21,60,34,74,39,42,26,46,48,31,58,36,34,50,49,48,48,64,38,45,64,42,30,71,72,54,69,62,42,64,60,33,29,59,53,60,71,59,67,48,123,112,23,45,57,77,59,25
134,123,82,174,92,143,184,120,94,134,192,149,204,111,86,122,209,285,138,238,248,152,103,137,97,104,123,201,128,235,95,140,115,184,183,138,104,186,134,105,182,98,140,97,161,151,105,131,99,199,126,102,165,188,131,183,133,106,153,213,110,183,150,117,257,111,124,161,146,112,212,198,103,157,68,92,117,144,115,97,84,102,76,166,121,118,113,114,49,44,42,63,76,63,77,56,95,28,63,31,58,22,45,76,83,62,68,40,52,99,53,42,75,48,26,89,57,53,56,69,38,57,76,76,53,77,78,58,89,90,79,72,90,51,51,67,61,64,69,95,79,72,68,90,62,44,34,129,66,9
128,172,98,149,138,132,135,79,77,122,141,175,226,111,129,110,156,262,78,178,172,157,65,164,108,125,125,101,136,274,98,144,115,228,202,145,125,169,134,83,191,64,120,124,177,116,117,200,80,152,93,67,185,125,117,193,95,151,86,90,120,186,117,77,209,64,87,166,171,92,208,236,111,172,83,115,82,157,101,85,74,63,121,132,134,102,63,83,52,79,43,48,36,59,74,36,77,46,44,40,45,49,84,45,86,50,27,87,34,51,45,45,60,55,34,57,61,54,69,71,47,67,81,117,39,64,72,54,73,60,60,33,88,38,61,88,66,71,79,88,93,85,120,52,109,78,67,100,67,7
139,162,68,183,104,128,142,76,103,117,142,181,228,133,127,97,144,231,98,182,181,128,136,154,69,92,64,140,130,264,71,150,122,190,194,156,93,196,111,106,257,121,104,78,163,145,107,154,69,146,130,87,182,50,139,174,62,84,58,142,145,196,107,136,203,71,84,133,84,59,102,174,99,128,83,79,95,120,155,94,73,83,86,155,184,129,79,97,32,51,36,61,45,30,97,52,29,29,49,41,40,34,18,67,48,93,22,59,45,44,56,35,69,89,48,49,49,39,58,54,43,70,69,35,39,98,60,29,72,67,40,40,57,68,52,49,79,60,64,77,96,21,126,63,24,39,41,81,26,12
147,185,123,215,93,156,150,124,110,121,157,173,298,170,107,93,217,305,143,216,183,175,119,199,142,107,104,194,145,280,113,157,109,162,183,103,140,145,98,158,214,139,122,193,217,147,185,174,112,181,146,71,179,123,144,228,88,143,54,165,70,144,118,95,226,110,144,134,128,90,158,163,128,149,99,128,92,150,115,82,43,100,135,127,120,101,90,92,43,90,37,55,52,40,61,25,77,38,50,41,33,29,52,34,65,77,51,61,47,88,42,30,62,41,22,81,59,53,63,54,34,102,68,49,57,101,84,65,50,77,80,37,65,61,28,83,89,64,63,69,64,33,130,94,38,55,70,130,56,17
134,170,84,193,162,185,165,53,142,173,135,173,290,194,150,146,114,235,137,226,235,140,126,164,90,83,98,160,129,235,130,154,79,171,188,127,74,241,126,125,238,104,167,76,193,173,130,170,102,183,169,131,200,80,121,218,119,146,52,230,82,106,110,93,197,82,91,141,177,73,190,209,78,225,78,80,83,223,95,109,85,65,122,100,114,118,129,84,50,72,40,58,42,76,36,41,46,42,58,51,43,25,38,69,70,77,71,63,42,49,42,39,90,55,84,58,52,59,54,91,69,110,65,62,55,77,49,59,82,82,45,53,92,18,45,71,95,32,98,67,95,18,144,72,49,36,33,71,68,17
139,112,100,155,75,113,107,81,76,93,161,145,191,125,56,91,124,168,65,148,198,109,56,120,73,72,95,122,117,224,103,170,81,149,141,63,104,188,104,70,151,103,109,111,115,111,100,147,66,158,102,85,174,77,91,153,98,96,103,138,123,68,79,47,242,62,75,86,121,60,156,148,62,134,66,70,62,132,120,100,51,76,57,142,80,103,92,66,37,45,40,49,64,26,50,31,26,26,30,48,35,34,38,45,58,54,44,30,29,52,29,32,108,75,57,37,46,26,44,55,56,64,53,40,19,39,65,56,52,70,76,38,40,21,51,51,38,54,65,68,65,37,108,52,75,38,36,126,59,22
158,165,117,223,68,164,168,79,79,83,124,187,181,123,101,103,151,263,155,115,159,120,106,145,65,98,100,125,88,271,97,192,77,163,147,173,103,148,82,126,187,96,89,72,183,104,113,138,86,187,126,110,159,121,158,179,75,176,98,159,94,126,93,104,185,153,188,182,152,63,106,154,136,138,85,72,85,142,69,92,79,54,102,178,101,75,125,68,68,63,42,42,78,19,40,81,65,61,29,46,19,50,27,47,73,41,33,44,42,52,27,54,92,47,66,82,68,29,70,53,41,96,68,47,17,63,74,36,60,41,50,30,53,48,65,36,92,60,82,58,57,37,139,34,14,71,64,107,49,5
191,169,105,222,93,130,94,50,111,80,108,106,271,103,148,86,196,261,100,186,187,155,74,82,83,101,138,95,133,286,76,152,125,172,211,99,107,158,121,111,206,87,129,112,187,104,133,179,126,123,139,79,165,99,139,156,88,169,93,167,85,95,108,57,253,92,158,157,129,70,111,168,99,124,69,106,139,150,77,99,114,111,84,176,117,115,93,104,71,62,27,45,89,61,75,26,52,64,36,44,65,37,60,63,55,50,51,62,28,107,48,57,76,33,15,68,41,49,65,43,55,112,53,74,24,77,63,62,71,79,31,42,67,49,35,84,45,44,50,78,85,53,161,57,39,41,33,130,66,23
178,175,132,207,127,169,143,107,93,94,167,160,254,128,129,122,210,188,117,151,160,142,99,220,87,116,84,126,113,258,99,152,111,137,199,122,129,192,124,96,250,128,125,119,238,115,97,161,132,147,106,98,134,155,104,147,103,92,96,213,87,157,165,105,231,98,104,174,145,49,175,213,77,124,75,90,134,177,98,122,64,72,95,148,79,155,99,102,75,78,42,45,59,36,92,64,65,35,41,39,60,30,35,88,91,44,57,66,35,103,40,27,123,61,37,98,61,44,75,54,70,71,67,72,33,73,61,27,42,55,90,53,71,38,55,77,61,57,87,74,114,64,116,98,53,71,62,70,87,7
198,163,115,185,129,143,161,122,144,116,181,225,221,143,94,123,212,217,148,263,225,134,126,101,59,138,171,110,104,275,76,106,147,143,217,132,74,211,48,168,229,104,94,128,148,87,128,173,123,231,107,95,131,176,77,226,143,190,91,208,88,150,104,71,227,95,107,108,141,81,172,188,57,137,82,96,152,145,94,117,78,138,142,127,147,153,76,69,60,80,53,61,74,56,41,31,75,68,23,41,36,24,73,46,88,76,41,63,56,48,71,50,81,48,56,44,71,35,45,47,96,94,80,44,20,75,75,72,81,83,105,53,61,81,55,50,81,48,85,74,120,67,126,71,86,36,57,98,65,35
156,168,94,207,111,130,123,111,86,153,158,177,227,114,130,104,134,252,84,180,215,134,148,138,89,102,111,120,82,264,124,168,135,178,228,110,168,132,103,104,295,70,117,150,182,94,130,152,105,201,135,91,195,122,140,189,68,125,92,134,98,142,133,93,243,108,115,132,84,88,118,184,94,118,97,70,50,178,50,78,94,81,105,124,104,145,71,49,34,71,20,48,56,48,79,43,56,45,40,53,24,36,49,73,84,54,27,32,49,28,26,38,75,46,34,32,71,56,49,76,47,78,79,80,48,96,82,48,75,65,73,59,49,23,23,77,64,53,60,40,55,54,95,71,51,51,72,133,55,10
102,158,92,131,89,58,97,58,82,94,153,114,212,92,45,96,187,264,67,161,153,95,95,128,106,106,76,108,105,254,138,155,109,136,182,158,104,184,85,100,210,82,133,159,135,79,92,146,40,144,71,60,95,75,126,112,98,104,77,153,70,139,54,61,181,53,85,109,73,54,123,118,78,145,57,66,55,147,83,100,92,104,129,149,94,105,74,40,59,83,44,43,62,31,42,31,66,48,56,74,53,39,59,69,49,39,29,40,34,49,38,57,61,38,65,47,34,48,79,78,81,85,45,65,34,61,51,32,47,58,61,42,42,77,24,42,77,45,77,43,65,35,78,63,54,41,50,102,37,17
198,179,135,217,70,204,136,125,104,160,128,178,213,120,161,130,225,228,125,220,253,203,73,177,134,94,80,120,112,318,133,144,145,196,269,132,166,137,85,104,188,80,103,155,171,166,133,145,139,181,157,151,198,156,133,235,138,148,119,184,94,164,134,86,231,74,140,152,165,83,162,196,143,156,48,118,70,181,84,105,116,132,127,173,113,109,166,74,53,83,49,72,46,77,82,62,53,35,44,38,52,40,20,75,105,62,20,55,51,89,26,34,50,58,44,68,50,40,64,63,58,135,65,78,62,79,97,66,85,84,72,65,74,55,64,101,65,40,62,52,125,35,120,81,62,40,86,122,69,13
