product_category,month,units,revenue,unit_share,peak_month,peak_share,peak_units,peak_revenue
Apparel,1,593,626951.96,0.04954,10,0.14162,1695,1827632.67
Apparel,2,556,569961.02,0.04645,10,0.14162,1695,1827632.67
Apparel,3,1060,1160578.79,0.08856,10,0.14162,1695,1827632.67
Apparel,4,924,1042621.33,0.0772,10,0.14162,1695,1827632.67
Apparel,5,928,1064208.22,0.07753,10,0.14162,1695,1827632.67
Apparel,6,714,871497.36,0.05965,10,0.14162,1695,1827632.67
Apparel,7,865,964984.23,0.07227,10,0.14162,1695,1827632.67
Apparel,8,920,989923.82,0.07687,10,0.14162,1695,1827632.67
Apparel,9,960,989704.41,0.08021,10,0.14162,1695,1827632.67
Apparel,10,1695,1827632.67,0.14162,10,0.14162,1695,1827632.67
Apparel,11,1507,1588359.64,0.12591,10,0.14162,1695,1827632.67
Apparel,12,1247,1357707.4,0.10419,10,0.14162,1695,1827632.67
Bakery,1,5889,418664.71,0.06851,10,0.10863,9338,654099.85
Bakery,2,5767,414244.38,0.06709,10,0.10863,9338,654099.85
Bakery,3,7012,510124.89,0.08157,10,0.10863,9338,654099.85
Bakery,4,6286,459235.7,0.07313,10,0.10863,9338,654099.85
Bakery,5,6849,501225.17,0.07968,10,0.10863,9338,654099.85
Bakery,6,6615,482475.17,0.07696,10,0.10863,9338,654099.85
Bakery,7,6970,501350.05,0.08109,10,0.10863,9338,654099.85
Bakery,8,7199,521440.62,0.08375,10,0.10863,9338,654099.85
Bakery,9,7025,512885.5,0.08173,10,0.10863,9338,654099.85
Bakery,10,9338,654099.85,0.10863,10,0.10863,9338,654099.85
Bakery,11,8475,620493.19,0.09859,10,0.10863,9338,654099.85
Bakery,12,8534,622926.02,0.09928,10,0.10863,9338,654099.85
Beverages,1,14059,2109147.72,0.06397,5,0.09917,21797,3412850.57
Beverages,2,14197,2139342.23,0.0646,5,0.09917,21797,3412850.57
Beverages,3,16834,2674212.15,0.07659,5,0.09917,21797,3412850.57
Beverages,4,18699,2884745.67,0.08508,5,0.09917,21797,3412850.57
Beverages,5,21797,3412850.57,0.09917,5,0.09917,21797,3412850.57
Beverages,6,19908,3006352.9,0.09058,5,0.09917,21797,3412850.57
Beverages,7,18562,2908344.36,0.08446,5,0.09917,21797,3412850.57
Beverages,8,18672,2913632.19,0.08496,5,0.09917,21797,3412850.57
Beverages,9,17858,2861367.29,0.08125,5,0.09917,21797,3412850.57
Beverages,10,21068,3240420.37,0.09586,5,0.09917,21797,3412850.57
Beverages,11,19497,2980706.29,0.08871,5,0.09917,21797,3412850.57
Beverages,12,18633,2859656.2,0.08478,5,0.09917,21797,3412850.57
Electronics,1,436,1214713.19,0.05327,10,0.13622,1115,3124210.07
Electronics,2,433,1009944.58,0.0529,10,0.13622,1115,3124210.07
Electronics,3,634,1665610.4,0.07746,10,0.13622,1115,3124210.07
Electronics,4,863,3253276.92,0.10544,10,0.13622,1115,3124210.07
Electronics,5,636,1706746.15,0.0777,10,0.13622,1115,3124210.07
Electronics,6,457,1456899.74,0.05583,10,0.13622,1115,3124210.07
Electronics,7,439,1268685.34,0.05363,10,0.13622,1115,3124210.07
Electronics,8,658,1862532.14,0.08039,10,0.13622,1115,3124210.07
Electronics,9,721,1603018.43,0.08809,10,0.13622,1115,3124210.07
Electronics,10,1115,3124210.07,0.13622,10,0.13622,1115,3124210.07
Electronics,11,987,2828456.45,0.12059,10,0.13622,1115,3124210.07
Electronics,12,806,2683512.41,0.09847,10,0.13622,1115,3124210.07
Footwear,1,47,103125.84,0.05434,6,0.23121,200,476548.92
Footwear,2,38,88114.56999999999,0.04393,6,0.23121,200,476548.92
Footwear,3,32,70172.88,0.03699,6,0.23121,200,476548.92
Footwear,4,43,110407.63,0.04971,6,0.23121,200,476548.92
Footwear,5,82,147751.31,0.0948,6,0.23121,200,476548.92
Footwear,6,200,476548.92,0.23121,6,0.23121,200,476548.92
Footwear,7,58,125120.74,0.06705,6,0.23121,200,476548.92
Footwear,8,75,152717.95,0.08671,6,0.23121,200,476548.92
Footwear,9,50,130528.71,0.0578,6,0.23121,200,476548.92
Footwear,10,88,188952.75,0.10173,6,0.23121,200,476548.92
Footwear,11,96,208295.66999999998,0.11098,6,0.23121,200,476548.92
Footwear,12,56,124096.95999999999,0.06474,6,0.23121,200,476548.92
Grocery,1,37827,4897556.04,0.07554,11,0.10758,53874,7220757.97
Grocery,2,34163,4523539.51,0.06822,11,0.10758,53874,7220757.97
Grocery,3,38775,5140967.13,0.07743,11,0.10758,53874,7220757.97
Grocery,4,36894,4861757.83,0.07367,11,0.10758,53874,7220757.97
Grocery,5,39104,5222265.25,0.07809,11,0.10758,53874,7220757.97
Grocery,6,38275,5051775.59,0.07643,11,0.10758,53874,7220757.97
Grocery,7,37611,4995293.47,0.07511,11,0.10758,53874,7220757.97
Grocery,8,41015,5376358.65,0.0819,11,0.10758,53874,7220757.97
Grocery,9,41555,5565649.72,0.08298,11,0.10758,53874,7220757.97
Grocery,10,53637,7007544.68,0.10711,11,0.10758,53874,7220757.97
Grocery,11,53874,7220757.97,0.10758,11,0.10758,53874,7220757.97
Grocery,12,48047,6355286.55,0.09594,11,0.10758,53874,7220757.97
Home_Appliances,1,79,534008.86,0.05985,5,0.15985,211,1250266.22
Home_Appliances,2,71,327318.75,0.05379,5,0.15985,211,1250266.22
Home_Appliances,3,119,558027.86,0.09015,5,0.15985,211,1250266.22
Home_Appliances,4,70,317701.5,0.05303,5,0.15985,211,1250266.22
Home_Appliances,5,211,1250266.22,0.15985,5,0.15985,211,1250266.22
Home_Appliances,6,99,515892.19,0.075,5,0.15985,211,1250266.22
Home_Appliances,7,78,337575.42,0.05909,5,0.15985,211,1250266.22
Home_Appliances,8,94,483433.29,0.07121,5,0.15985,211,1250266.22
Home_Appliances,9,91,476834.07,0.06894,5,0.15985,211,1250266.22
Home_Appliances,10,157,863601.98,0.11894,5,0.15985,211,1250266.22
Home_Appliances,11,134,674873.43,0.10152,5,0.15985,211,1250266.22
Home_Appliances,12,117,615710.77,0.08864,5,0.15985,211,1250266.22
Personal_Care,1,6878,3306449.43,0.07116,10,0.10254,9911,4794591.54
Personal_Care,2,6414,3035926.81,0.06636,10,0.10254,9911,4794591.54
Personal_Care,3,7433,3533494.73,0.0769,10,0.10254,9911,4794591.54
Personal_Care,4,7707,3658303.17,0.07973,10,0.10254,9911,4794591.54
Personal_Care,5,8486,4258878.72,0.08779,10,0.10254,9911,4794591.54
Personal_Care,6,8168,3836634.66,0.0845,10,0.10254,9911,4794591.54
Personal_Care,7,7623,3552620.05,0.07886,10,0.10254,9911,4794591.54
Personal_Care,8,8025,3914539.87,0.08302,10,0.10254,9911,4794591.54
Personal_Care,9,7607,3669869.42,0.0787,10,0.10254,9911,4794591.54
Personal_Care,10,9911,4794591.54,0.10254,10,0.10254,9911,4794591.54
Personal_Care,11,9313,4486874.05,0.09635,10,0.10254,9911,4794591.54
Personal_Care,12,9094,4365489.05,0.09408,10,0.10254,9911,4794591.54
Stationery,1,3671,871129.54,0.08398,6,0.09652,4219,1067056.38
Stationery,2,3039,742611.24,0.06952,6,0.09652,4219,1067056.38
Stationery,3,2935,743923.83,0.06715,6,0.09652,4219,1067056.38
Stationery,4,3817,980481.52,0.08732,6,0.09652,4219,1067056.38
Stationery,5,4182,1079701.68,0.09567,6,0.09652,4219,1067056.38
Stationery,6,4219,1067056.38,0.09652,6,0.09652,4219,1067056.38
Stationery,7,3201,701881.26,0.07323,6,0.09652,4219,1067056.38
Stationery,8,3683,819127.4400000001,0.08426,6,0.09652,4219,1067056.38
Stationery,9,3472,781105.91,0.07943,6,0.09652,4219,1067056.38
Stationery,10,4043,958178.51,0.09249,6,0.09652,4219,1067056.38
Stationery,11,3987,998524.07,0.09121,6,0.09652,4219,1067056.38
Stationery,12,3462,793955.63,0.0792,6,0.09652,4219,1067056.38
Toys,1,109,73905.01,0.06162,10,0.12776,226,155510.07
Toys,2,100,83521.43,0.05653,10,0.12776,226,155510.07
Toys,3,92,56516.37,0.05201,10,0.12776,226,155510.07
Toys,4,102,79519.52,0.05766,10,0.12776,226,155510.07
Toys,5,133,86363.06999999999,0.07518,10,0.12776,226,155510.07
Toys,6,224,153321.55,0.12663,10,0.12776,226,155510.07
Toys,7,126,78888.99,0.07123,10,0.12776,226,155510.07
Toys,8,151,108609.28,0.08536,10,0.12776,226,155510.07
Toys,9,130,98113.28,0.07349,10,0.12776,226,155510.07
Toys,10,226,155510.07,0.12776,10,0.12776,226,155510.07
Toys,11,208,141699.07,0.11758,10,0.12776,226,155510.07
Toys,12,168,133797.68,0.09497,10,0.12776,226,155510.07
