customer_id,snapshot_date,row,churn_score,feature_rank,feature,feature_value,shap_contribution
CUS00184,2025-07-31,157,0.933872,1,recency_days,439.0,2.194939
CUS00184,2025-07-31,157,0.933872,2,tenure_days,439.0,0.23847
CUS00184,2025-07-31,157,0.933872,3,frequency,0.0,0.207769
CUS00184,2025-07-31,157,0.933872,4,category_diversity,3.0,-0.018184
CUS00184,2025-07-31,157,0.933872,5,promo_share,0.0,0.016988
CUS00184,2025-07-31,157,0.933872,6,avg_basket_value,2043.82,0.010097
CUS06258,2025-08-31,12754,0.933872,1,recency_days,439.0,2.194939
CUS06258,2025-08-31,12754,0.933872,2,tenure_days,439.0,0.23847
CUS06258,2025-08-31,12754,0.933872,3,frequency,0.0,0.207769
CUS06258,2025-08-31,12754,0.933872,4,category_diversity,3.0,-0.018184
CUS06258,2025-08-31,12754,0.933872,5,promo_share,0.0,0.016988
CUS06258,2025-08-31,12754,0.933872,6,avg_basket_value,2043.82,0.010097
CUS01013,2025-08-31,8046,0.933872,1,recency_days,438.0,2.194939
CUS01013,2025-08-31,8046,0.933872,2,tenure_days,438.0,0.23847
CUS01013,2025-08-31,8046,0.933872,3,frequency,0.0,0.207769
CUS01013,2025-08-31,8046,0.933872,4,category_diversity,3.0,-0.018184
CUS01013,2025-08-31,8046,0.933872,5,promo_share,0.0,0.016988
CUS01013,2025-08-31,8046,0.933872,6,avg_basket_value,2043.82,0.010097
CUS01377,2025-08-31,8376,0.933872,1,recency_days,438.0,2.194939
CUS01377,2025-08-31,8376,0.933872,2,tenure_days,438.0,0.23847
CUS01377,2025-08-31,8376,0.933872,3,frequency,0.0,0.207769
CUS01377,2025-08-31,8376,0.933872,4,category_diversity,3.0,-0.018184
CUS01377,2025-08-31,8376,0.933872,5,promo_share,0.0,0.016988
CUS01377,2025-08-31,8376,0.933872,6,avg_basket_value,2043.82,0.010097
CUS06445,2025-08-31,12918,0.933872,1,recency_days,437.0,2.195584
CUS06445,2025-08-31,12918,0.933872,2,tenure_days,437.0,0.23486
CUS06445,2025-08-31,12918,0.933872,3,frequency,0.0,0.209812
CUS06445,2025-08-31,12918,0.933872,4,category_diversity,3.0,-0.018084
CUS06445,2025-08-31,12918,0.933872,5,promo_share,0.0,0.016988
CUS06445,2025-08-31,12918,0.933872,6,units_per_line,3.72,0.010551
CUS01603,2025-08-31,8570,0.933872,1,recency_days,438.0,2.194939
CUS01603,2025-08-31,8570,0.933872,2,tenure_days,438.0,0.23847
CUS01603,2025-08-31,8570,0.933872,3,frequency,0.0,0.207769
CUS01603,2025-08-31,8570,0.933872,4,category_diversity,3.0,-0.018184
CUS01603,2025-08-31,8570,0.933872,5,promo_share,0.0,0.016988
CUS01603,2025-08-31,8570,0.933872,6,avg_basket_value,2043.82,0.010097
CUS03440,2025-09-30,17446,0.933872,1,recency_days,436.0,2.195584
CUS03440,2025-09-30,17446,0.933872,2,tenure_days,436.0,0.23486
CUS03440,2025-09-30,17446,0.933872,3,frequency,0.0,0.209812
CUS03440,2025-09-30,17446,0.933872,4,category_diversity,3.0,-0.018084
CUS03440,2025-09-30,17446,0.933872,5,promo_share,0.0,0.016988
CUS03440,2025-09-30,17446,0.933872,6,units_per_line,3.72,0.010551
CUS07010,2025-08-31,13428,0.933872,1,recency_days,437.0,2.195584
CUS07010,2025-08-31,13428,0.933872,2,tenure_days,437.0,0.23486
CUS07010,2025-08-31,13428,0.933872,3,frequency,0.0,0.209812
CUS07010,2025-08-31,13428,0.933872,4,category_diversity,3.0,-0.018084
CUS07010,2025-08-31,13428,0.933872,5,promo_share,0.0,0.016988
CUS07010,2025-08-31,13428,0.933872,6,units_per_line,3.72,0.010551
CUS05508,2025-09-30,19358,0.933872,1,recency_days,436.0,2.195584
CUS05508,2025-09-30,19358,0.933872,2,tenure_days,436.0,0.23486
CUS05508,2025-09-30,19358,0.933872,3,frequency,0.0,0.209812
CUS05508,2025-09-30,19358,0.933872,4,category_diversity,3.0,-0.018084
CUS05508,2025-09-30,19358,0.933872,5,promo_share,0.0,0.016988
CUS05508,2025-09-30,19358,0.933872,6,units_per_line,3.72,0.010551
CUS01898,2025-08-31,8829,0.933872,1,recency_days,434.0,2.195584
CUS01898,2025-08-31,8829,0.933872,2,tenure_days,437.0,0.23486
CUS01898,2025-08-31,8829,0.933872,3,frequency,0.0,0.209812
CUS01898,2025-08-31,8829,0.933872,4,category_diversity,3.0,-0.018084
CUS01898,2025-08-31,8829,0.933872,5,promo_share,0.0,0.016988
CUS01898,2025-08-31,8829,0.933872,6,units_per_line,3.72,0.010551
CUS07666,2025-07-31,6855,0.933872,1,recency_days,439.0,2.194939
CUS07666,2025-07-31,6855,0.933872,2,tenure_days,439.0,0.23847
CUS07666,2025-07-31,6855,0.933872,3,frequency,0.0,0.207769
CUS07666,2025-07-31,6855,0.933872,4,category_diversity,3.0,-0.018184
CUS07666,2025-07-31,6855,0.933872,5,promo_share,0.0,0.016988
CUS07666,2025-07-31,6855,0.933872,6,avg_basket_value,2043.82,0.010097
CUS07549,2025-07-31,6747,0.933872,1,recency_days,437.0,2.195584
CUS07549,2025-07-31,6747,0.933872,2,tenure_days,437.0,0.23486
CUS07549,2025-07-31,6747,0.933872,3,frequency,0.0,0.209812
CUS07549,2025-07-31,6747,0.933872,4,category_diversity,3.0,-0.018084
CUS07549,2025-07-31,6747,0.933872,5,promo_share,0.0,0.016988
CUS07549,2025-07-31,6747,0.933872,6,units_per_line,3.72,0.010551
CUS03219,2025-08-31,10009,0.933872,1,recency_days,437.0,2.195584
CUS03219,2025-08-31,10009,0.933872,2,tenure_days,437.0,0.23486
CUS03219,2025-08-31,10009,0.933872,3,frequency,0.0,0.209812
CUS03219,2025-08-31,10009,0.933872,4,category_diversity,3.0,-0.018084
CUS03219,2025-08-31,10009,0.933872,5,promo_share,0.0,0.016988
CUS03219,2025-08-31,10009,0.933872,6,units_per_line,3.72,0.010551
CUS01775,2025-08-31,8721,0.933872,1,recency_days,438.0,2.194939
CUS01775,2025-08-31,8721,0.933872,2,tenure_days,438.0,0.23847
CUS01775,2025-08-31,8721,0.933872,3,frequency,0.0,0.207769
CUS01775,2025-08-31,8721,0.933872,4,category_diversity,3.0,-0.018184
CUS01775,2025-08-31,8721,0.933872,5,promo_share,0.0,0.016988
CUS01775,2025-08-31,8721,0.933872,6,avg_basket_value,2043.82,0.010097
CUS00989,2025-07-31,877,0.933872,1,recency_days,437.0,2.195584
CUS00989,2025-07-31,877,0.933872,2,tenure_days,437.0,0.23486
CUS00989,2025-07-31,877,0.933872,3,frequency,0.0,0.209812
CUS00989,2025-07-31,877,0.933872,4,category_diversity,3.0,-0.018084
CUS00989,2025-07-31,877,0.933872,5,promo_share,0.0,0.016988
CUS00989,2025-07-31,877,0.933872,6,units_per_line,3.72,0.010551
CUS05946,2025-08-31,12471,0.933872,1,recency_days,436.0,2.195584
CUS05946,2025-08-31,12471,0.933872,2,tenure_days,436.0,0.23486
CUS05946,2025-08-31,12471,0.933872,3,frequency,0.0,0.209812
CUS05946,2025-08-31,12471,0.933872,4,category_diversity,3.0,-0.018084
CUS05946,2025-08-31,12471,0.933872,5,promo_share,0.0,0.016988
CUS05946,2025-08-31,12471,0.933872,6,units_per_line,3.72,0.010551
CUS02074,2025-09-30,16200,0.933872,1,recency_days,437.0,2.195584
CUS02074,2025-09-30,16200,0.933872,2,tenure_days,437.0,0.23486
CUS02074,2025-09-30,16200,0.933872,3,frequency,0.0,0.209812
CUS02074,2025-09-30,16200,0.933872,4,category_diversity,3.0,-0.018084
CUS02074,2025-09-30,16200,0.933872,5,promo_share,0.0,0.016988
CUS02074,2025-09-30,16200,0.933872,6,units_per_line,3.72,0.010551
CUS05438,2025-09-30,19293,0.933872,1,recency_days,438.0,2.194939
CUS05438,2025-09-30,19293,0.933872,2,tenure_days,438.0,0.23847
CUS05438,2025-09-30,19293,0.933872,3,frequency,0.0,0.207769
CUS05438,2025-09-30,19293,0.933872,4,category_diversity,3.0,-0.018184
CUS05438,2025-09-30,19293,0.933872,5,promo_share,0.0,0.016988
CUS05438,2025-09-30,19293,0.933872,6,avg_basket_value,2043.82,0.010097
CUS07105,2025-07-31,6360,0.933872,1,recency_days,437.0,2.195584
CUS07105,2025-07-31,6360,0.933872,2,tenure_days,437.0,0.23486
CUS07105,2025-07-31,6360,0.933872,3,frequency,0.0,0.209812
CUS07105,2025-07-31,6360,0.933872,4,category_diversity,3.0,-0.018084
CUS07105,2025-07-31,6360,0.933872,5,promo_share,0.0,0.016988
CUS07105,2025-07-31,6360,0.933872,6,units_per_line,3.72,0.010551
CUS07590,2025-08-31,13932,0.93264,1,recency_days,434.0,2.189935
CUS07590,2025-08-31,13932,0.93264,2,tenure_days,434.0,0.220734
CUS07590,2025-08-31,13932,0.93264,3,frequency,0.0,0.209812
CUS07590,2025-08-31,13932,0.93264,4,category_diversity,3.0,-0.018084
CUS07590,2025-08-31,13932,0.93264,5,promo_share,0.0,0.016988
CUS07590,2025-08-31,13932,0.93264,6,units_per_line,3.72,0.010551
CUS04448,2025-07-31,3973,0.93264,1,recency_days,433.0,2.189935
CUS04448,2025-07-31,3973,0.93264,2,tenure_days,433.0,0.220734
CUS04448,2025-07-31,3973,0.93264,3,frequency,0.0,0.209812
CUS04448,2025-07-31,3973,0.93264,4,category_diversity,3.0,-0.018084
CUS04448,2025-07-31,3973,0.93264,5,promo_share,0.0,0.016988
CUS04448,2025-07-31,3973,0.93264,6,units_per_line,3.72,0.010551
CUS07876,2025-07-31,7043,0.93264,1,recency_days,435.0,2.189935
CUS07876,2025-07-31,7043,0.93264,2,tenure_days,435.0,0.220734
CUS07876,2025-07-31,7043,0.93264,3,frequency,0.0,0.209812
CUS07876,2025-07-31,7043,0.93264,4,category_diversity,3.0,-0.018084
CUS07876,2025-07-31,7043,0.93264,5,promo_share,0.0,0.016988
CUS07876,2025-07-31,7043,0.93264,6,units_per_line,3.72,0.010551
CUS02045,2025-07-31,1817,0.93264,1,recency_days,435.0,2.189935
CUS02045,2025-07-31,1817,0.93264,2,tenure_days,435.0,0.220734
CUS02045,2025-07-31,1817,0.93264,3,frequency,0.0,0.209812
CUS02045,2025-07-31,1817,0.93264,4,category_diversity,3.0,-0.018084
CUS02045,2025-07-31,1817,0.93264,5,promo_share,0.0,0.016988
CUS02045,2025-07-31,1817,0.93264,6,units_per_line,3.72,0.010551
CUS00124,2025-09-30,14399,0.93264,1,recency_days,433.0,2.189935
CUS00124,2025-09-30,14399,0.93264,2,tenure_days,433.0,0.220734
CUS00124,2025-09-30,14399,0.93264,3,frequency,0.0,0.209812
CUS00124,2025-09-30,14399,0.93264,4,category_diversity,3.0,-0.018084
CUS00124,2025-09-30,14399,0.93264,5,promo_share,0.0,0.016988
CUS00124,2025-09-30,14399,0.93264,6,units_per_line,3.72,0.010551
CUS05593,2025-07-31,5005,0.93264,1,recency_days,435.0,2.189935
CUS05593,2025-07-31,5005,0.93264,2,tenure_days,435.0,0.220734
CUS05593,2025-07-31,5005,0.93264,3,frequency,0.0,0.209812
CUS05593,2025-07-31,5005,0.93264,4,category_diversity,3.0,-0.018084
CUS05593,2025-07-31,5005,0.93264,5,promo_share,0.0,0.016988
CUS05593,2025-07-31,5005,0.93264,6,units_per_line,3.72,0.010551
