horizon_weeks,model,store_id,share,store_units
1,prophet,ST10,0.027417853462823123,230.14481104184802
1,prophet,ST06,0.02454316022121449,206.0147042196499
1,prophet,ST13,0.02396199929314902,201.13645318676396
1,prophet,ST08,0.02361230717155074,198.201145820081
1,prophet,ST14,0.023387060644827293,196.31043182232435
1,prophet,ST18,0.023309904376004897,195.66278393359002
1,prophet,ST17,0.02306101318625523,193.57359719573736
1,prophet,ST20,0.02242385174049609,188.2252791468346
1,prophet,ST02,0.02188002449089307,183.66040612462655
1,prophet,ST27,0.0215228656336023,180.66242315580797
1,prophet,ST24,0.0214481982766774,180.03566713445218
1,prophet,ST29,0.02142082024580494,179.8058565932884
1,prophet,ST01,0.021395931126829974,179.59693791950315
1,prophet,ST28,0.021209262734517724,178.03004786611365
1,prophet,ST50,0.02112961755379783,177.36150811000078
1,prophet,ST32,0.02103503890169296,176.5676171496168
1,prophet,ST21,0.02057832356850232,172.73395948565715
1,prophet,ST05,0.020446411237935,171.62669051459528
1,prophet,ST38,0.020360543777471363,170.9059210900361
1,prophet,ST09,0.020355565953676373,170.86413735527907
1,prophet,ST41,0.020335654658496398,170.69700241625083
1,prophet,ST34,0.020279654140802725,170.226935400234
1,prophet,ST47,0.020203742327929076,169.58973344518895
1,prophet,ST42,0.02014649735428665,169.10922049548282
1,prophet,ST26,0.019974762433359383,167.66768164636449
1,prophet,ST11,0.01991876191566571,167.19761463034766
1,prophet,ST46,0.019745782538789693,165.74562984754007
1,prophet,ST19,0.019297778397240294,161.98509371940528
1,prophet,ST39,0.01927288927826533,161.77617504562002
1,prophet,ST07,0.019191999641596687,161.0971893558179
1,prophet,ST30,0.019109865548979296,160.40775773232653
1,prophet,ST03,0.01904888720749063,159.89590698155263
1,prophet,ST04,0.018904530317435823,158.6841786735981
1,prophet,ST12,0.018902041405538327,158.66328680621956
1,prophet,ST25,0.0188497742556909,158.22455759127052
1,prophet,ST45,0.018696706173994854,156.93970774749116
1,prophet,ST48,0.01867057259907114,156.7203431400166
1,prophet,ST22,0.018159101204135577,152.4270643937294
1,prophet,ST44,0.01811056742213439,152.01967297984814
1,prophet,ST40,0.01802221104977326,151.27801168791046
1,prophet,ST31,0.01798612182725956,150.97507961092182
1,prophet,ST35,0.017852965040743487,149.85736470617064
1,prophet,ST15,0.017780786595716084,149.25150055219336
1,prophet,ST36,0.017764608668382358,149.11570341423297
1,prophet,ST37,0.017355182661244157,145.67899123046536
1,prophet,ST23,0.01696566794928593,142.40941398572596
1,prophet,ST16,0.016954467845747195,142.31540058252259
1,prophet,ST49,0.016218994380036936,136.141853772168
1,prophet,ST33,0.01599250339736474,134.2406938407221
1,prophet,ST43,0.015787168165821267,132.51711478199366
