horizon,model,wape,mape_nonzero,mae,bias,actual_total,predicted_total,error
1,seasonal_naive,0.021041,0.021041,188.0,-188.0,8935.0,9123.0,
1,ridge_seasonal,0.055511,0.055511,495.99317,-495.99317,8935.0,9430.993170113858,
1,ensemble_naive_prophet,0.007106,0.007106,63.489357,-63.489357,8935.0,8998.489357461844,
1,prophet,0.006829,0.006829,61.021285,61.021285,8935.0,8873.978714923687,
1,lstm,0.059988,0.059988,535.996369,535.996369,8935.0,8399.003630588575,
2,seasonal_naive,0.021336,0.021352,181.0,-7.0,16967.0,16981.0,
2,ridge_seasonal,0.035383,0.036669,300.171562,-300.171562,16967.0,17567.34312357117,
2,ensemble_naive_prophet,0.03693,0.037796,313.295463,-313.295463,16967.0,17593.590926755212,
2,prophet,0.073035,0.075903,619.590927,-619.590927,16967.0,18206.181853510425,
2,lstm,0.11305,0.110189,959.060562,959.060562,16967.0,15048.87887526942,
4,seasonal_naive,0.038349,0.035871,332.75,238.75,34708.0,33753.0,
4,ridge_seasonal,0.038592,0.037304,334.864031,-60.913564,34708.0,34951.6542577229,
4,ensemble_naive_prophet,0.067545,0.064889,586.089621,55.478073,34708.0,34486.08770606155,
4,prophet,0.112415,0.110955,975.429242,-127.793853,34708.0,35219.175412123106,
4,lstm,0.241546,0.237243,2095.89176,2095.89176,34708.0,26324.432960448798,
