week_start_date,policy,forecast_units,safety_stock,cover_units,actual_units,censored_pairs,censored_units,unmet_units,overstock_units,understock_units
2025-09-29,policy_poisson,7500.736263736264,213.26373626373606,7714.0,10734.0,96,584.0,96.00942417582417,0.0,3116.0094241758243
2025-09-29,naive_mean,7500.736263736264,2712.4536572046777,10213.189920940942,10734.0,96,584.0,96.00942417582417,0.0,616.8195032348821
2025-09-29,no_safety_stock,7500.736263736264,0.0,7500.736263736264,10734.0,96,584.0,96.00942417582417,0.0,3329.2731604395603
2025-10-06,policy_poisson,7535.880434782609,213.11956521739103,7749.0,9177.0,92,459.0,92.44013333333334,0.0,1520.4401333333333
2025-10-06,naive_mean,7535.880434782609,2821.0177888088315,10356.898223591441,9177.0,92,459.0,92.44013333333334,1179.898223591441,92.44013333333334
2025-10-06,no_safety_stock,7535.880434782609,0.0,7535.880434782609,9177.0,92,459.0,92.44013333333334,0.0,1733.5596985507243
2025-10-13,policy_poisson,7553.5268817204305,213.47311827956946,7767.0,11015.0,98,671.0,98.69941792114696,0.0,3346.699417921147
2025-10-13,naive_mean,7553.5268817204305,2836.4325615622274,10389.959443282658,11015.0,98,671.0,98.69941792114696,0.0,723.739974638489
2025-10-13,no_safety_stock,7553.5268817204305,0.0,7553.5268817204305,11015.0,98,671.0,98.69941792114696,0.0,3560.1725362007164
2025-10-20,policy_poisson,7590.351063829788,214.64893617021244,7805.0,10297.0,125,568.0,126.50585106382981,0.0,2618.5058510638296
2025-10-20,naive_mean,7590.351063829788,2953.54315419586,10543.894218025647,10297.0,125,568.0,126.50585106382981,246.8942180256472,126.50585106382981
2025-10-20,no_safety_stock,7590.351063829788,0.0,7590.351063829788,10297.0,125,568.0,126.50585106382981,0.0,2833.154787234042
2025-10-27,policy_poisson,7618.8421052631575,214.15789473684254,7833.0,8990.0,93,400.0,94.47364210526314,0.0,1251.473642105263
2025-10-27,naive_mean,7618.8421052631575,3015.489001589674,10634.331106852831,8990.0,93,400.0,94.47364210526314,1644.331106852831,94.47364210526314
2025-10-27,no_safety_stock,7618.8421052631575,0.0,7618.8421052631575,8990.0,93,400.0,94.47364210526314,0.0,1465.6315368421056
2025-11-03,policy_poisson,7633.125,214.875,7848.0,10371.0,91,467.0,92.61524999999999,0.0,2615.61525
2025-11-03,naive_mean,7633.125,3019.0937867829716,10652.21878678297,10371.0,91,467.0,92.61524999999999,281.2187867829707,92.61524999999999
2025-11-03,no_safety_stock,7633.125,0.0,7633.125,10371.0,91,467.0,92.61524999999999,0.0,2830.49025
2025-11-10,policy_poisson,7661.350515463918,215.64948453608213,7877.0,8646.0,109,454.0,111.34496082474227,0.0,880.3449608247423
2025-11-10,naive_mean,7661.350515463918,3079.531626235445,10740.882141699363,8646.0,109,454.0,111.34496082474227,2094.8821416993633,111.34496082474227
2025-11-10,no_safety_stock,7661.350515463918,0.0,7661.350515463918,8646.0,109,454.0,111.34496082474227,0.0,1095.9944453608243
2025-11-17,policy_poisson,7671.397959183673,215.60204081632673,7887.0,9020.0,85,442.0,86.94251020408163,0.0,1219.9425102040816
2025-11-17,naive_mean,7671.397959183673,3073.2863704035435,10744.684329587217,9020.0,85,442.0,86.94251020408163,1724.6843295872168,86.94251020408163
2025-11-17,no_safety_stock,7671.397959183673,0.0,7671.397959183673,9020.0,85,442.0,86.94251020408163,0.0,1435.5445510204083
2025-11-24,policy_poisson,7685.020202020202,215.9797979797977,7901.0,8039.0,105,579.0,107.59028282828284,0.0,245.59028282828285
2025-11-24,naive_mean,7685.020202020202,3075.5332896566597,10760.553491676863,8039.0,105,579.0,107.59028282828284,2721.553491676863,107.59028282828284
2025-11-24,no_safety_stock,7685.020202020202,0.0,7685.020202020202,8039.0,105,579.0,107.59028282828284,0.0,461.57008080808055
2025-12-01,policy_poisson,7688.56,215.4399999999996,7904.0,9859.0,105,469.0,107.63984,0.0,2062.63984
2025-12-01,naive_mean,7688.56,3061.188734941228,10749.74873494123,9859.0,105,469.0,107.63984,890.7487349412295,107.63984
2025-12-01,no_safety_stock,7688.56,0.0,7688.56,9859.0,105,469.0,107.63984,0.0,2278.0798399999994
2025-12-08,policy_poisson,7710.049504950495,215.95049504950475,7926.0,7882.0,73,349.0,75.04448184818483,44.0,75.04448184818483
2025-12-08,naive_mean,7710.049504950495,3091.429718316795,10801.47922326729,7882.0,73,349.0,75.04448184818483,2919.47922326729,75.04448184818483
2025-12-08,no_safety_stock,7710.049504950495,0.0,7710.049504950495,7882.0,73,349.0,75.04448184818483,0.0,246.99497689768958
2025-12-15,policy_poisson,7711.735294117647,216.26470588235316,7928.0,8032.0,73,305.0,75.06089019607843,0.0,179.06089019607845
2025-12-15,naive_mean,7711.735294117647,3076.370149000069,10788.105443117716,8032.0,73,305.0,75.06089019607843,2756.1054431177163,75.06089019607843
2025-12-15,no_safety_stock,7711.735294117647,0.0,7711.735294117647,8032.0,73,305.0,75.06089019607843,0.0,395.3255960784316
2025-12-22,policy_poisson,7714.844660194175,216.15533980582495,7931.0,8935.0,86,374.0,88.46355210355986,0.0,1092.4635521035598
2025-12-22,naive_mean,7714.844660194175,3062.228219576184,10777.07287977036,8935.0,86,374.0,88.46355210355986,1842.0728797703596,88.46355210355986
2025-12-22,no_safety_stock,7714.844660194175,0.0,7714.844660194175,8935.0,86,374.0,88.46355210355986,0.0,1308.6188919093847
