metric,value,detail
revenue,210242624.35,2024-01-01 to 2025-12-31
units sold,970998,line items
customers,8000,unique
products,1200,SKU
stores,50,location
repeat purchase rate,0.8722,share of customers buying on >1 distinct date
zero-demand share (clean weeks),0.7792,after dropping the partial final week
zero-demand panel share,0.779,"why WAPE is the headline metric, not MAPE"
forecast horizons,"1, 2, 4",weeks; inventory consumes h=1 only
primary horizon,4,weeks -- '30-day ahead' is 4 weeks on a weekly panel
