week_start_date,revenue,units,transactions,customers,avg_basket_value
2024-01-01,1837594.33,10147,564,156,3258.15
2024-01-08,1381932.47,7050,453,220,3050.62
2024-01-15,1328921.43,7022,425,274,3126.87
2024-01-22,1433174.03,7411,376,284,3811.63
2024-01-29,1683397.46,8387,511,356,3294.32
2024-02-05,1559678.98,8152,477,357,3269.77
2024-02-12,1493298.61,7497,406,335,3678.08
2024-02-19,1492021.96,7742,402,341,3711.5
2024-02-26,1643105.67,8050,493,395,3332.87
2024-03-04,1971812.92,8842,538,432,3665.08
2024-03-11,1598074.29,7514,504,422,3170.78
2024-03-18,1897353.5,7732,427,380,4443.45
2024-03-25,1510788.04,6988,434,398,3481.08
2024-04-01,2332645.94,10520,668,542,3491.98
2024-04-08,2341148.26,8320,525,461,4459.33
2024-04-15,2565366.94,8399,478,439,5366.88
2024-04-22,1967391.67,7907,499,452,3942.67
2024-04-29,2340517.5,10437,655,549,3573.31
2024-05-06,1947406.09,9363,545,501,3573.22
2024-05-13,2094840.81,8974,532,489,3937.67
2024-05-20,2131055.32,8582,501,460,4253.6
2024-05-27,1991727.03,8938,537,486,3708.99
2024-06-03,2076359.69,9827,677,612,3067.0
2024-06-10,1905384.54,8793,538,500,3541.61
2024-06-17,1822326.98,8501,504,472,3615.73
2024-06-24,1660641.15,7534,477,444,3481.43
2024-07-01,2122968.32,10456,587,539,3616.64
2024-07-08,1574312.9,8476,470,445,3349.6
2024-07-15,1758327.36,8554,502,464,3502.64
2024-07-22,1533042.65,7707,474,442,3234.27
2024-07-29,1819196.92,9252,550,510,3307.63
2024-08-05,1744001.09,8973,516,483,3379.85
2024-08-12,1875062.68,8809,539,497,3478.78
2024-08-19,2017761.39,8318,486,462,4151.77
2024-08-26,1562371.66,8070,449,433,3479.67
2024-09-02,2148075.11,11060,654,596,3284.52
2024-09-09,1841554.06,8874,538,506,3422.96
2024-09-16,1777093.18,8675,514,491,3457.38
2024-09-23,1623595.6199999999,8034,487,461,3333.87
2024-09-30,2409043.48,11904,741,684,3251.07
2024-10-07,2612483.51,10119,687,641,3802.74
2024-10-14,2493982.35,11033,713,663,3497.87
2024-10-21,2196303.29,9789,587,555,3741.57
2024-10-28,3045294.83,15289,972,888,3133.02
2024-11-04,2402852.93,11336,747,693,3216.67
2024-11-11,2194605.36,10422,641,601,3423.72
2024-11-18,2190946.47,10529,701,657,3125.46
2024-11-25,2060702.57,9541,595,563,3463.37
2024-12-02,2484331.06,10925,721,672,3445.67
2024-12-09,2013891.29,9331,596,556,3379.01
2024-12-16,2045243.02,9487,633,591,3231.03
2024-12-23,2327518.67,11055,675,630,3448.18
2024-12-30,2367548.32,10743,662,621,3576.36
2025-01-06,1865545.79,8075,508,482,3672.33
2025-01-13,1546694.3699999999,7515,450,432,3437.1
2025-01-20,1724869.32,7915,486,469,3549.11
2025-01-27,1592525.75,8009,483,460,3297.15
2025-02-03,1827908.54,8691,610,575,2996.57
2025-02-10,1651438.18,7927,504,479,3276.66
2025-02-17,1565127.88,7838,477,452,3281.19
2025-02-24,1780604.38,8417,545,512,3267.16
2025-03-03,1930372.45,9842,606,578,3185.43
2025-03-10,1947177.45,8347,562,524,3464.73
2025-03-17,1609884.87,8003,490,475,3285.48
2025-03-24,1399650.4,7062,447,425,3131.21
2025-03-31,2302942.88,10456,665,622,3463.07
2025-04-07,1792425.93,9090,573,545,3128.14
2025-04-14,1922574.6400000001,9054,624,581,3081.05
2025-04-21,1672263.95,8358,536,500,3119.9
2025-04-28,2088373.94,10171,679,632,3075.66
2025-05-05,2202987.34,10076,694,661,3174.33
2025-05-12,2188848.59,8900,569,546,3846.83
2025-05-19,2014214.35,9313,528,507,3814.8
2025-05-26,1948045.08,8272,503,484,3872.85
2025-06-02,2298407.16,10949,644,603,3568.96
2025-06-09,2020911.78,8858,581,550,3478.33
2025-06-16,1845473.09,8723,572,535,3226.35
2025-06-23,1812027.28,8129,475,456,3814.79
2025-06-30,2113697.97,10494,707,661,2989.67
2025-07-07,1807801.52,8891,552,526,3275.0
2025-07-14,1874480.04,8535,548,523,3420.58
2025-07-21,1709998.12,8035,508,479,3366.14
2025-07-28,1916617.62,9216,644,598,2976.11
2025-08-04,2085180.01,9655,631,599,3304.56
2025-08-11,1777452.85,9091,613,576,2899.6
2025-08-18,2018627.49,8812,551,522,3663.57
2025-08-25,1801205.64,7753,492,457,3660.99
2025-09-01,2626331.71,11325,711,673,3693.86
2025-09-08,2070795.53,9142,571,547,3626.61
2025-09-15,2028455.76,9265,532,504,3812.89
2025-09-22,1736728.27,8453,510,489,3405.35
2025-09-29,2864205.51,12747,798,752,3589.23
2025-10-06,2572273.93,11071,726,675,3543.08
2025-10-13,2823656.78,13353,875,797,3227.04
2025-10-20,2845499.36,12615,773,730,3681.11
2025-10-27,2678120.87,10935,722,685,3709.31
2025-11-03,2905991.99,12416,816,764,3561.26
2025-11-10,2462897.4899999998,10610,695,654,3543.74
2025-11-17,2504329.52,10767,740,695,3384.23
2025-11-24,2226667.55,9597,559,530,3983.31
2025-12-01,2671793.11,11861,764,711,3497.11
2025-12-08,2299809.49,9391,608,566,3782.58
2025-12-15,2017181.46,9646,642,611,3142.03
2025-12-22,2274307.08,10590,628,590,3621.51
