product_category,product_id,revenue,units,avg_price,discount_pct,revenue_share
Personal_Care,PRD0842,4097879.84,3515,1181.4058405682715,1.7437016574585635,0.0195
Beverages,PRD0253,3676626.29,11837,315.96018777614137,2.0183836524300443,0.0175
Grocery,PRD0132,3591330.65,9765,376.71983298538623,2.4464509394572027,0.0171
Personal_Care,PRD0912,3452589.4,3671,959.7414243323442,2.1493694362017806,0.0164
Stationery,PRD1050,3296314.32,3876,867.9691708542713,1.9293844221105527,0.0157
Personal_Care,PRD0908,3285561.34,3894,860.5405806010929,2.0060860655737702,0.0156
Personal_Care,PRD0872,3272971.66,2600,1282.341076604555,1.9276811594202896,0.0156
Grocery,PRD0053,3148275.99,12141,265.8472390796932,2.655341780593531,0.015
Grocery,PRD0068,2960594.22,9238,329.57521379310344,2.415195402298851,0.0141
Personal_Care,PRD0822,2699437.59,3090,891.0257179269329,1.9402973661852168,0.0128
Stationery,PRD1090,2667236.81,2814,965.4273805309734,1.8341238938053097,0.0127
Beverages,PRD0281,2552174.07,9443,276.1097043641483,2.1804598779915536,0.0121
Grocery,PRD0047,2491478.16,7738,329.5850772626932,2.19983995584989,0.0119
Personal_Care,PRD0778,2483510.3,3167,799.206211031175,2.028385291766587,0.0118
Grocery,PRD0030,2413508.46,7626,324.19658888888887,2.2845555555555555,0.0115
Personal_Care,PRD0905,2402414.37,3266,752.5218030050083,1.9411686143572622,0.0114
Grocery,PRD0167,2199237.76,6642,339.0458933161954,2.2943958868894603,0.0105
Grocery,PRD0018,2181604.77,8415,265.8313056528264,2.526008004002001,0.0104
Grocery,PRD0076,2116848.21,11327,190.95252319771592,2.247812276945039,0.0101
Electronics,PRD0676,2093308.4,172,12165.540470588234,1.3954117647058824,0.01
Beverages,PRD0270,2081226.37,7342,290.10427684667906,2.068820608317815,0.0099
Grocery,PRD0033,1893092.4,5265,369.9732716568545,2.4485618166526493,0.009
Personal_Care,PRD0844,1793729.85,2600,701.2084215991692,2.273001038421599,0.0085
Personal_Care,PRD0906,1780292.83,2980,610.296953762466,2.1192475067996375,0.0085
Beverages,PRD0275,1768723.29,8826,204.9547336983574,2.3884420109507216,0.0084
Grocery,PRD0161,1752738.99,6100,294.26018455228984,1.9947095010252907,0.0083
Beverages,PRD0224,1682555.2,4418,387.74624113475176,1.99580547112462,0.008
Grocery,PRD0061,1664009.42,5270,326.18925925925925,2.679178743961353,0.0079
Stationery,PRD1079,1605374.34,3001,541.4570820189274,1.2193848580441642,0.0076
Grocery,PRD0131,1584061.84,9289,174.20616189176897,2.470836743974534,0.0075
Beverages,PRD0366,1551648.95,5940,266.0829346092504,2.011116427432217,0.0074
Beverages,PRD0361,1436381.16,7812,187.66719161676647,2.1464491017964074,0.0068
Beverages,PRD0362,1411208.18,6139,234.69259672619046,1.908846726190476,0.0067
Grocery,PRD0097,1386061.42,5413,261.4598188976378,1.9918031496062993,0.0066
Electronics,PRD0667,1372670.32,61,25253.516296296293,8.102962962962962,0.0065
Personal_Care,PRD0847,1348797.83,3538,387.20011094674555,1.7756508875739643,0.0064
Grocery,PRD0151,1346255.15,5871,234.4305,2.199791044776119,0.0064
Beverages,PRD0360,1319056.82,5417,248.39144425675673,2.0211824324324326,0.0063
Grocery,PRD0031,1295040.55,7638,174.2031888888889,2.5712111111111113,0.0062
Personal_Care,PRD0893,1292218.3,3503,374.90382485029943,1.714805389221557,0.0061
Personal_Care,PRD0807,1281533.11,2790,468.94500994035786,1.9145228628230617,0.0061
Grocery,PRD0048,1257499.85,8654,148.92846924177397,2.5507677634716264,0.006
Grocery,PRD0096,1204669.5,5469,224.70217868338557,2.1964028213166147,0.0057
Grocery,PRD0021,1119159.23,9951,115.9000289975145,2.5151201325600665,0.0053
Beverages,PRD0274,1105352.99,4423,255.2047510373444,2.3960684647302903,0.0053
Beverages,PRD0340,1083036.08,5122,216.31772727272727,2.0730909090909093,0.0052
Electronics,PRD0670,1020849.15,3142,336.2317446808511,3.009439716312057,0.0049
Personal_Care,PRD0854,1020105.8,4022,257.82447923322684,2.18058785942492,0.0049
Grocery,PRD0196,1000752.03,8714,117.39562378167642,2.271252436647173,0.0048
Grocery,PRD0142,996715.0,9015,113.34212962962962,2.5188425925925926,0.0047
Beverages,PRD0295,968457.9,7645,129.89459523809523,2.279767857142857,0.0046
Personal_Care,PRD0794,949916.53,3273,295.83808600337267,1.9440472175379426,0.0045
Beverages,PRD0355,948801.38,5047,192.13234275296261,2.421376481312671,0.0045
Grocery,PRD0064,902865.02,5670,163.32746334310852,2.5555791788856306,0.0043
Grocery,PRD0109,857370.73,5768,153.35477050413843,2.6083446200150493,0.0041
Personal_Care,PRD0832,827241.52,2271,369.7120441347271,1.8020092915214867,0.0039
Electronics,PRD0709,812982.27,52,15326.359545454545,0.7281818181818182,0.0039
Beverages,PRD0252,807022.97,4617,178.74995905834186,2.290818833162743,0.0038
Electronics,PRD0716,792502.18,44,18078.269375,0.0,0.0038
Grocery,PRD0205,774764.16,9859,80.42192482445272,2.6331474597273856,0.0037
Personal_Care,PRD0792,771013.0,3359,233.80429605792438,1.8245534995977475,0.0037
Beverages,PRD0263,767632.08,4680,168.64378863409772,2.243569292123629,0.0037
Electronics,PRD0702,766202.91,39,20088.216666666667,0.0,0.0036
Beverages,PRD0226,742878.82,8753,86.73709889001009,2.5166952573158428,0.0035
Electronics,PRD0733,725121.79,38,17826.063333333335,0.0,0.0034
Electronics,PRD0707,715704.63,31,23717.472,5.445,0.0034
Electronics,PRD0693,714441.99,32,23088.681428571428,1.2992857142857144,0.0034
Grocery,PRD0124,708373.37,5645,127.62519362186788,1.924297646165528,0.0034
Electronics,PRD0756,703270.6900000001,79,8953.56741935484,2.892258064516129,0.0033
Electronics,PRD0724,699736.89,31,22891.442222222224,0.0,0.0033
Personal_Care,PRD0855,697996.44,3269,218.02913043478262,1.733945857260049,0.0033
Grocery,PRD0134,695848.94,6575,108.18759816753926,2.418612565445026,0.0033
Electronics,PRD0692,691091.94,36,21566.893636363635,4.705454545454545,0.0033
Grocery,PRD0070,682318.35,12322,56.70277007416963,2.303818123186069,0.0032
Grocery,PRD0126,654003.27,8151,81.92975810602161,2.0523623262995367,0.0031
Grocery,PRD0006,647293.53,8414,79.01114300100706,2.560090634441088,0.0031
Grocery,PRD0116,643071.63,13796,47.74338523644752,2.285850634371396,0.0031
Beverages,PRD0314,634217.48,4890,132.88560153994226,2.3836862367661213,0.003
Electronics,PRD0739,632837.79,27,24475.493333333332,5.4061111111111115,0.003
Grocery,PRD0106,629768.82,7430,86.95153674832962,2.568118040089087,0.003
Personal_Care,PRD0895,626929.86,2759,231.01234285714284,1.857847619047619,0.003
Grocery,PRD0091,609984.87,5542,112.8592661982826,2.519617486338798,0.0029
Grocery,PRD0103,605938.19,6092,101.83462411347519,2.392631205673759,0.0029
Beverages,PRD0238,596097.13,5448,111.45367207514944,2.131477369769428,0.0028
Grocery,PRD0029,594482.58,5343,114.31055189456343,2.4777347611202636,0.0028
Grocery,PRD0128,578420.86,6031,98.14333569907735,2.2188928317956,0.0028
Personal_Care,PRD0812,566801.08,4371,132.66813653136532,2.3176875768757688,0.0027
Personal_Care,PRD0896,559082.21,2720,209.08157258064517,1.704586693548387,0.0027
Electronics,PRD0659,558908.09,47,12027.437058823529,2.4841176470588233,0.0027
Electronics,PRD0681,541158.78,66,8393.37,1.7688,0.0026
Grocery,PRD0154,532949.84,6120,88.9674914089347,2.1245567010309276,0.0025
Grocery,PRD0174,532046.34,6385,85.502517053206,2.6727148703956343,0.0025
Home_Appliances,PRD0931,527753.46,42,12480.5890625,0.53375,0.0025
Personal_Care,PRD0900,524438.24,3468,154.46240813135262,2.0165832681782643,0.0025
Grocery,PRD0211,520816.72,5351,99.86838164251208,2.602592592592593,0.0025
Grocery,PRD0188,515867.77,6704,78.90853721682848,2.6295922330097086,0.0025
Bakery,PRD0402,511349.95,3305,157.7278725490196,1.6331862745098038,0.0024
Electronics,PRD0687,508872.68,34,15002.449523809524,0.0,0.0024
Electronics,PRD0672,505590.17,116,4327.895735294117,1.7505882352941176,0.0024
Grocery,PRD0095,502369.65,8148,62.706006191950465,2.1997368421052634,0.0024
Beverages,PRD0327,501066.66,8155,62.84147752808989,2.0612696629213483,0.0024
Electronics,PRD0725,496763.34,61,8135.986000000001,2.380333333333333,0.0024
Toys,PRD1162,493393.27,976,517.6972833723653,1.9298594847775177,0.0023
Grocery,PRD0191,482992.57,5047,97.49229381443298,2.2793384879725087,0.0023
Beverages,PRD0300,480864.7,5104,96.33542435424354,2.49979704797048,0.0023
Apparel,PRD0541,444395.75,209,2215.050818181818,3.1559999999999997,0.0021
Personal_Care,PRD0793,438050.45,357,1267.7362406015038,2.3296240601503757,0.0021
Electronics,PRD0755,425095.07,17,25027.32083333333,0.0,0.002
Personal_Care,PRD0817,420975.62,3576,119.23050512445094,1.5776720351390923,0.002
Home_Appliances,PRD0970,420037.9,20,20877.241764705883,0.0,0.002
Personal_Care,PRD0839,415694.51,3834,110.78722063037249,2.066597421203438,0.002
Grocery,PRD0158,410737.14,11330,37.11823698384201,2.2517342908438063,0.002
Grocery,PRD0019,402720.34,5273,78.47777227722771,2.558292079207921,0.0019
Apparel,PRD0594,400735.15,135,3035.2448387096774,2.0520967741935485,0.0019
Grocery,PRD0073,400617.61,10166,40.47660016286645,2.366441368078176,0.0019
Grocery,PRD0016,395064.98,1230,329.94749077490775,2.372656826568266,0.0019
Personal_Care,PRD0783,390204.96,2463,162.34497237569062,2.5278563535911602,0.0019
Bakery,PRD0435,378509.8,3462,110.88910746812387,1.272695810564663,0.0018
Grocery,PRD0180,377215.14,5870,65.72395924308589,2.0362008733624455,0.0018
Personal_Care,PRD0810,376305.2,280,1400.960505050505,2.814848484848485,0.0018
Grocery,PRD0054,375947.17,6529,58.86351526965562,2.177680311890838,0.0018
Grocery,PRD0140,368021.99,5763,65.19561324303989,2.08300978179082,0.0018
Grocery,PRD0086,362503.46,7187,51.31707811568277,1.989284436493739,0.0017
Grocery,PRD0169,359535.23,9289,39.89066520787746,2.6793785557986873,0.0017
Apparel,PRD0521,354179.54,108,3371.9182142857144,2.056607142857143,0.0017
Grocery,PRD0043,352214.55,6007,59.97777142857143,2.1387071428571427,0.0017
Bakery,PRD0466,351194.91,2293,157.63912921348313,1.8065449438202248,0.0017
Personal_Care,PRD0911,348135.39,289,1226.2968888888888,3.0923333333333334,0.0017
Grocery,PRD0186,347442.76,8710,40.84763662511985,2.2681016299137107,0.0017
Beverages,PRD0241,344601.73,7138,49.407832797427645,2.3520128617363345,0.0016
Bakery,PRD0389,343250.69,3833,90.83402018502943,1.3536753574432296,0.0016
Electronics,PRD0700,339443.32999999996,14,22875.67,8.7325,0.0016
Electronics,PRD0763,328956.99,40,8152.809411764706,0.0,0.0016
Bakery,PRD0444,328156.11,2343,141.78735255570118,1.5606290956749673,0.0016
Grocery,PRD0212,318140.17,6963,46.6694275274056,2.0696163215590744,0.0015
Grocery,PRD0183,301677.54,8436,36.597527472527474,2.428716283716284,0.0014
Apparel,PRD0632,300536.95,128,2334.728,1.974,0.0014
Home_Appliances,PRD0965,298548.37,16,18891.320909090908,0.0,0.0014
Bakery,PRD0417,291678.85,2497,117.47980620155037,1.2166925064599483,0.0014
Apparel,PRD0498,287540.24,244,1229.031911764706,5.5172058823529415,0.0014
Bakery,PRD0397,285805.44,2809,103.324688221709,1.2212124711316397,0.0014
Beverages,PRD0244,285787.2,1005,290.14077981651377,1.8079357798165137,0.0014
Grocery,PRD0072,282019.04,5828,49.634857784431134,1.946122754491018,0.0013
Grocery,PRD0114,276180.64,772,372.2802222222222,3.0261666666666667,0.0013
Stationery,PRD1088,275638.38,3129,90.01561538461539,2.2304153846153847,0.0013
Electronics,PRD0644,269667.71,33,8400.727222222222,3.7655555555555558,0.0013
Electronics,PRD0762,268850.63,128,2109.0152173913043,2.15695652173913,0.0013
Apparel,PRD0484,265445.76,112,2366.050769230769,0.1606153846153846,0.0013
Grocery,PRD0160,263443.98,5253,51.58994295028525,2.4942705786471064,0.0013
Home_Appliances,PRD1000,257354.37,16,16561.65066666667,1.9873333333333332,0.0012
Personal_Care,PRD0904,253260.18,279,906.3989565217391,1.4535652173913043,0.0012
Grocery,PRD0042,252782.21,5749,45.09370664739885,2.4767124277456647,0.0012
Electronics,PRD0722,252365.85,20,13363.404999999999,5.340833333333333,0.0012
Beverages,PRD0243,250169.24,5896,43.48557706626954,2.4994489947877887,0.0012
Grocery,PRD0067,249551.94,871,293.3642857142857,2.40984126984127,0.0012
Bakery,PRD0409,249017.65,2673,93.6334832756632,1.2522722029988467,0.0012
Grocery,PRD0152,248207.03,949,265.94913636363634,3.175272727272727,0.0012
Personal_Care,PRD0828,247895.98,200,1240.8147435897436,0.0,0.0012
Apparel,PRD0634,245674.23,398,641.1531249999999,4.329598214285714,0.0012
Beverages,PRD0325,245587.64,739,336.3821893491124,1.6237869822485207,0.0012
Apparel,PRD0567,245421.78,155,1647.6755,2.921375,0.0012
Home_Appliances,PRD0977,244800.41999999998,56,4474.095952380952,1.0035714285714286,0.0012
Personal_Care,PRD0848,244104.53,209,1215.0181481481482,1.7685185185185186,0.0012
Apparel,PRD0621,243149.16,149,1690.9851351351351,4.1967567567567565,0.0012
Apparel,PRD0523,241520.23,120,2109.16224137931,4.193793103448276,0.0011
Electronics,PRD0718,239873.65,17,14198.1,0.0,0.0011
Apparel,PRD0596,239451.66,96,2576.8432000000003,4.1494,0.0011
Electronics,PRD0731,233298.18,76,3298.285714285714,1.7671428571428571,0.0011
Apparel,PRD0501,232724.03,199,1199.4980952380952,2.8872380952380947,0.0011
Electronics,PRD0767,232042.79,143,1674.4983870967742,3.8187096774193545,0.0011
Beverages,PRD0232,229332.42,547,433.8202654867257,1.7772566371681415,0.0011
Electronics,PRD0712,228614.26,32,7494.682,3.6873333333333336,0.0011
Grocery,PRD0084,228274.32,745,317.25729885057467,2.9206896551724135,0.0011
Apparel,PRD0569,226469.62,80,2914.9804761904766,2.3885714285714283,0.0011
Grocery,PRD0184,226149.24,5297,43.361096455070076,2.1349299258037924,0.0011
Bakery,PRD0373,224825.98,3872,58.98842016806723,1.3256806722689076,0.0011
Beverages,PRD0271,224729.12,6937,32.9839960886571,2.1434615384615388,0.0011
Electronics,PRD0753,223991.26,43,5469.960476190476,1.120952380952381,0.0011
Home_Appliances,PRD0916,223251.83,10,22166.34,0.0,0.0011
Grocery,PRD0087,222093.49,1069,212.25008230452673,1.948148148148148,0.0011
Home_Appliances,PRD0954,220860.16,16,13668.534545454546,0.0,0.0011
Personal_Care,PRD0845,220256.02000000002,312,712.0364347826087,2.2190434782608697,0.001
Stationery,PRD1049,217198.51,6292,34.86190045248868,1.2664027149321266,0.001
Bakery,PRD0448,214926.47,2082,105.08489130434782,2.0144875776397515,0.001
Grocery,PRD0001,214334.9,631,341.6645033112583,1.588543046357616,0.001
Electronics,PRD0741,213445.62,45,4847.002173913043,1.3217391304347825,0.001
Grocery,PRD0202,212707.66,5719,38.120607441154135,2.127942293090357,0.001
Personal_Care,PRD0852,212142.94,463,460.59879120879117,1.2385164835164835,0.001
Beverages,PRD0286,211491.05,4984,43.52528925619835,2.2153168044077134,0.001
Bakery,PRD0416,211302.0,1905,112.30915702479338,1.6283471074380165,0.001
Home_Appliances,PRD0937,211301.01,33,6786.9076000000005,3.5324,0.001
Electronics,PRD0638,208988.81,15,14285.11,0.0,0.001
Home_Appliances,PRD0929,207083.03,29,7278.080526315789,2.2963157894736845,0.001
Apparel,PRD0582,205662.18,111,1909.523064516129,2.8809677419354838,0.001
Electronics,PRD0654,205399.57,19,10454.078333333333,0.0,0.001
Grocery,PRD0203,204802.18,6389,32.81016600265604,2.4006042496679947,0.001
Apparel,PRD0529,203263.05,102,2168.241568627451,5.740588235294117,0.001
Bakery,PRD0392,202643.46,2238,91.57948995363215,1.1254714064914992,0.001
Beverages,PRD0261,197501.49,594,347.80731092436974,3.3812605042016806,0.0009
Apparel,PRD0583,196737.72,142,1424.918625,2.152875,0.0009
Personal_Care,PRD0771,194891.75,131,1506.5013513513513,1.6489189189189188,0.0009
Beverages,PRD0367,194620.67,5098,38.78436346863469,2.0344557195571955,0.0009
Personal_Care,PRD0773,194164.06,396,495.36723577235773,1.0557723577235774,0.0009
Home_Appliances,PRD0972,193250.68,20,10331.972142857141,4.508571428571428,0.0009
Beverages,PRD0268,192736.49,5561,35.522222222222226,2.1102356902356902,0.0009
Beverages,PRD0347,191156.52,5365,36.400407279029466,2.2393934142114387,0.0009
Bakery,PRD0399,189592.83,2945,65.35505411255411,1.5187662337662338,0.0009
Grocery,PRD0015,188421.76,501,377.14719626168227,1.7874766355140186,0.0009
Electronics,PRD0764,186965.88,74,2460.1084210526315,0.4181578947368421,0.0009
Apparel,PRD0469,186801.95,77,2448.4775675675673,3.646756756756757,0.0009
Electronics,PRD0751,186616.33000000002,30,6409.194444444444,5.79111111111111,0.0009
Personal_Care,PRD0830,186450.25,412,459.2232903225806,2.053161290322581,0.0009
Beverages,PRD0298,184153.75,4614,40.87188059701492,2.1284676616915426,0.0009
Grocery,PRD0052,183771.51,587,326.99578947368417,3.5807894736842103,0.0009
Electronics,PRD0746,183233.52000000002,18,10184.999,0.9880000000000001,0.0009
Apparel,PRD0480,181762.09,102,1930.1906382978725,7.27468085106383,0.0009
Personal_Care,PRD0864,181042.63,169,1102.812105263158,1.557719298245614,0.0009
Apparel,PRD0581,172807.98,61,3054.261388888889,8.362777777777778,0.0008
Electronics,PRD0703,171969.28,59,2982.3516,0.846,0.0008
Grocery,PRD0017,171795.4,590,291.43444444444447,1.5062962962962962,0.0008
Stationery,PRD1025,169732.88,179,975.5005128205128,1.9315384615384614,0.0008
Apparel,PRD0602,169574.57,94,1963.7637735849055,6.550566037735849,0.0008
Electronics,PRD0678,169430.13,16,11355.906666666668,3.4033333333333338,0.0008
Electronics,PRD0754,169104.63999999998,12,14050.576000000001,0.0,0.0008
Bakery,PRD0449,168642.74,2253,75.18062918340027,1.1162382864792502,0.0008
Apparel,PRD0487,168571.3,63,2674.65724137931,0.4817241379310345,0.0008
Personal_Care,PRD0898,166229.61000000002,223,745.440843373494,1.0439759036144578,0.0008
Apparel,PRD0622,165883.38,158,1099.9095,4.8100000000000005,0.0008
Home_Appliances,PRD0981,165185.17,8,21103.9375,0.0,0.0008
Bakery,PRD0412,165068.71,2326,71.99448900388099,1.3485122897800776,0.0008
Stationery,PRD1043,164448.19999999998,180,927.142972972973,0.0,0.0008
Apparel,PRD0481,164296.78,83,2137.231219512195,3.0078048780487805,0.0008
Grocery,PRD0059,163761.38,929,179.1951219512195,1.4106829268292682,0.0008
Bakery,PRD0410,163708.38,2385,69.7469588313413,1.6734130146082336,0.0008
Personal_Care,PRD0769,161576.17,243,699.0932258064516,3.3898924731182793,0.0008
Apparel,PRD0470,160813.34,78,2173.601052631579,5.398684210526316,0.0008
Electronics,PRD0752,160233.06,23,6803.36125,8.14375,0.0008
Personal_Care,PRD0790,157854.95,166,942.0563076923077,0.6213846153846154,0.0008
Personal_Care,PRD0885,157096.28,421,377.62884615384615,2.076474358974359,0.0007
Grocery,PRD0127,154838.92,472,339.2243396226415,3.341037735849057,0.0007
Stationery,PRD1017,153822.86000000002,224,708.7463888888889,0.4197222222222222,0.0007
Apparel,PRD0562,152974.58,77,2073.3900000000003,4.3485,0.0007
Personal_Care,PRD0819,151361.09,204,755.7071052631578,1.6334210526315789,0.0007
Grocery,PRD0088,150274.48,670,229.08602564102563,1.4899358974358974,0.0007
Personal_Care,PRD0861,148827.48,115,1269.574054054054,2.925675675675676,0.0007
Electronics,PRD0661,148788.75,19,7734.664999999999,0.0,0.0007
Toys,PRD1188,148420.95,61,2555.1281481481483,0.8874074074074074,0.0007
Bakery,PRD0437,146659.27,3253,45.48491935483871,1.239889112903226,0.0007
Beverages,PRD0218,145861.99,453,328.68894230769234,2.318653846153846,0.0007
Personal_Care,PRD0877,145696.3,252,594.529207920792,1.994059405940594,0.0007
Grocery,PRD0148,145081.03,680,219.8753896103896,3.222272727272727,0.0007
Beverages,PRD0359,143581.57,391,375.1312162162162,1.8202702702702702,0.0007
Apparel,PRD0552,142895.91999999998,98,1509.9221052631578,2.4478947368421053,0.0007
Bakery,PRD0452,141499.53,3959,36.4640746624305,1.4433518665607625,0.0007
Beverages,PRD0308,140954.8,409,357.54662337662336,2.6223376623376624,0.0007
Electronics,PRD0658,140545.64,123,1173.3039682539682,1.5344444444444443,0.0007
Personal_Care,PRD0881,140123.32,224,622.8181538461539,1.9290769230769231,0.0007
Beverages,PRD0349,138408.56,4823,29.153548387096777,2.193284457478006,0.0007
Electronics,PRD0686,138350.95,34,4544.801764705882,5.414705882352941,0.0007
Apparel,PRD0505,138230.62,185,766.8914736842105,1.2113684210526316,0.0007
Home_Appliances,PRD0917,137967.12,40,3512.8611538461537,0.8007692307692308,0.0007
Personal_Care,PRD0856,137551.3,229,608.8547826086957,1.6109782608695653,0.0007
Electronics,PRD0757,137540.6,31,4307.548,1.0173333333333334,0.0007
Personal_Care,PRD0785,136927.79,131,1073.218695652174,2.8506521739130433,0.0007
Home_Appliances,PRD0982,136737.13,9,15170.462,0.0,0.0007
Bakery,PRD0400,136484.4,3346,41.22818540433925,1.6353057199211045,0.0006
Bakery,PRD0440,136257.44,2720,50.51869463869464,1.3425990675990676,0.0006
Personal_Care,PRD0775,135868.41999999998,333,410.6638596491228,1.2787719298245614,0.0006
Grocery,PRD0062,135174.86,564,246.643359375,2.80453125,0.0006
Home_Appliances,PRD0990,134904.42,15,8993.628,0.0,0.0006
Grocery,PRD0215,134894.55,857,159.46338095238093,2.224952380952381,0.0006
Bakery,PRD0458,134335.0,2617,52.52440000000001,1.3876000000000002,0.0006
Stationery,PRD1033,134149.47,4839,28.15954410307235,1.7275421209117938,0.0006
Apparel,PRD0636,133039.2,83,1707.184090909091,5.928863636363636,0.0006
Personal_Care,PRD0837,132764.1,164,826.0724193548386,2.1893548387096775,0.0006
Personal_Care,PRD0815,132623.6,122,1108.8401960784313,2.682549019607843,0.0006
Grocery,PRD0170,132214.81,517,266.07975409836064,2.877377049180328,0.0006
Electronics,PRD0690,131512.0,25,5309.745714285715,0.0,0.0006
Beverages,PRD0296,130663.41,435,303.37606741573035,1.1939325842696629,0.0006
Footwear,PRD1134,129984.07999999999,48,2728.410666666666,2.255333333333333,0.0006
Beverages,PRD0313,129857.7,549,237.77295081967213,1.6065573770491803,0.0006
Electronics,PRD0684,129119.58,28,4815.994117647058,3.273529411764706,0.0006
Grocery,PRD0172,128969.39,826,159.69127659574468,1.9216489361702127,0.0006
Apparel,PRD0534,128920.29,63,2144.8202631578947,4.451578947368421,0.0006
Personal_Care,PRD0825,128026.03,164,816.3114925373135,3.1049253731343285,0.0006
Home_Appliances,PRD1006,127870.41,28,4743.38,4.898095238095238,0.0006
Electronics,PRD0701,126281.18,8,17297.102,7.859999999999999,0.0006
Electronics,PRD0737,126168.6,21,6030.325,0.0,0.0006
Grocery,PRD0166,126136.79,590,217.64349593495936,1.666341463414634,0.0006
Beverages,PRD0285,126108.37,344,369.98605633802816,0.9728169014084506,0.0006
Personal_Care,PRD0818,126092.64,258,496.37739130434784,1.1108695652173914,0.0006
Personal_Care,PRD0850,125988.6,171,758.6097260273973,3.04,0.0006
Footwear,PRD1142,124740.42,24,5223.297857142857,0.0,0.0006
Home_Appliances,PRD0939,124623.43,51,2447.82225,0.48925,0.0006
Beverages,PRD0227,123880.42,337,369.53802816901407,1.6109859154929578,0.0006
Grocery,PRD0003,123388.45,406,312.8096511627907,3.5968604651162788,0.0006
Electronics,PRD0683,122820.96,43,2795.5605263157895,0.0,0.0006
Apparel,PRD0573,122624.82,88,1496.6255263157893,4.244473684210526,0.0006
Personal_Care,PRD0851,122177.81,119,1084.0688,2.4762,0.0006
Electronics,PRD0641,122041.49,39,3174.6723076923076,5.069999999999999,0.0006
Apparel,PRD0486,122024.23,111,1144.71593220339,1.7684745762711864,0.0006
Apparel,PRD0600,121469.83,245,518.893629032258,5.0767741935483865,0.0006
Stationery,PRD1045,119663.93000000001,190,669.0390697674419,2.0367441860465116,0.0006
Apparel,PRD0497,118106.98,116,1078.100806451613,5.882258064516129,0.0006
Stationery,PRD1063,117940.23,129,906.4528125,0.0,0.0006
Personal_Care,PRD0787,117386.4,177,685.4251470588235,2.5111764705882353,0.0006
Electronics,PRD0714,116635.70999999999,79,1493.2353846153846,3.6274358974358973,0.0006
Home_Appliances,PRD0944,116579.76,19,6246.386666666667,0.0,0.0006
Electronics,PRD0663,116544.48,27,4935.71,8.982,0.0006
Electronics,PRD0677,116528.18000000001,6,19402.2275,0.0,0.0006
Bakery,PRD0439,116082.71,2034,57.303553223388306,0.9138980509745128,0.0006
Footwear,PRD1110,116055.38,40,2922.8059999999996,0.0,0.0006
Beverages,PRD0288,115127.85,590,198.92459677419356,3.1487903225806453,0.0005
Grocery,PRD0190,114983.73,610,191.23280575539567,2.115035971223022,0.0005
Home_Appliances,PRD1008,114845.31999999999,32,3545.2137500000003,0.0,0.0005
Stationery,PRD1089,114741.62,5939,19.568113360323885,1.4872226720647774,0.0005
Apparel,PRD0568,113895.81,98,1246.6485416666667,4.8812500000000005,0.0005
Grocery,PRD0108,113808.0,468,252.25900000000001,2.150272727272727,0.0005
Grocery,PRD0013,112694.78,827,141.3877966101695,3.7810169491525425,0.0005
Home_Appliances,PRD0962,112633.52,7,16917.892,7.225999999999999,0.0005
Toys,PRD1153,111652.95999999999,45,2561.2571428571428,0.7614285714285715,0.0005
Apparel,PRD0604,110889.77,66,1751.5435483870967,1.9993548387096776,0.0005
Beverages,PRD0311,108690.7,469,237.15446601941747,1.2702912621359224,0.0005
Electronics,PRD0695,108637.23999999999,54,2043.514347826087,1.3369565217391304,0.0005
Grocery,PRD0099,108615.97,413,268.78892473118276,2.5473118279569893,0.0005
Bakery,PRD0401,108213.2,2067,53.05441265060241,1.3192018072289158,0.0005
Home_Appliances,PRD0994,108198.17,11,10210.43090909091,4.025454545454545,0.0005
Apparel,PRD0584,107839.81999999999,55,2018.0564285714286,3.7199999999999998,0.0005
Electronics,PRD0742,107602.27,85,1281.8810344827587,6.037241379310344,0.0005
Home_Appliances,PRD0989,107205.31999999999,22,4849.9325,3.1975,0.0005
Grocery,PRD0129,106934.82,546,201.82931623931623,3.2577777777777777,0.0005
Grocery,PRD0182,106720.36,505,219.58946564885497,2.571526717557252,0.0005
Home_Appliances,PRD0988,106687.32999999999,7,16294.135,11.7225,0.0005
Personal_Care,PRD0890,106624.54,169,666.5635384615384,3.843692307692308,0.0005
Apparel,PRD0519,106184.68000000001,86,1275.2960975609756,1.0975609756097562,0.0005
Apparel,PRD0598,106160.5,62,1828.2453846153849,4.652820512820513,0.0005
Beverages,PRD0279,105946.57,269,397.47467741935486,0.3543548387096774,0.0005
Apparel,PRD0592,105882.0,130,825.8816417910448,0.8871641791044775,0.0005
Personal_Care,PRD0874,105555.6,92,1180.135,2.319473684210527,0.0005
Apparel,PRD0509,104803.98,53,2072.55,5.082580645161291,0.0005
Electronics,PRD0730,104741.26,38,2772.031,0.0,0.0005
Grocery,PRD0164,104638.87,583,182.27165354330708,1.7582677165354332,0.0005
Apparel,PRD0496,104537.70999999999,60,1803.5545161290324,2.6274193548387097,0.0005
Bakery,PRD0433,103806.38,3217,32.91475198412699,1.8452876984126985,0.0005
Grocery,PRD0081,103713.65,371,287.592987012987,1.6659740259740259,0.0005
Electronics,PRD0729,103653.01,94,1137.4863829787234,1.4651063829787234,0.0005
Electronics,PRD0679,103541.97,74,1424.4844,1.8408000000000002,0.0005
Personal_Care,PRD0868,103453.59,102,1008.5918181818182,1.4213636363636364,0.0005
Footwear,PRD1132,103291.68000000001,36,2815.8772222222224,0.0,0.0005
Grocery,PRD0034,103221.92,742,140.48523529411764,0.4514705882352941,0.0005
Grocery,PRD0119,101126.17,816,127.62631868131866,2.7975824175824178,0.0005
Apparel,PRD0614,99836.68,40,2555.4754166666667,3.074583333333333,0.0005
Personal_Care,PRD0835,99074.34,218,477.71340909090907,4.6090909090909085,0.0005
Personal_Care,PRD0809,98416.35,119,836.633,1.018,0.0005
Personal_Care,PRD0863,98282.0,103,989.4441935483871,1.7245161290322581,0.0005
Apparel,PRD0474,97878.2,46,2253.0099999999998,7.647391304347826,0.0005
Home_Appliances,PRD0968,96944.86,11,8745.107999999998,0.0,0.0005
Beverages,PRD0331,96869.72,257,385.2635294117647,1.4411764705882353,0.0005
Electronics,PRD0694,96750.2,37,2775.7270588235297,3.392352941176471,0.0005
Bakery,PRD0394,95890.28,3088,31.428814070351756,1.421819095477387,0.0005
Grocery,PRD0137,95151.87,323,309.75342465753425,2.9945205479452053,0.0005
Grocery,PRD0104,95116.93,271,352.43169491525424,2.179491525423729,0.0005
Personal_Care,PRD0781,94599.51,521,183.28194312796208,1.295781990521327,0.0004
Grocery,PRD0165,94340.25,281,342.9267605633803,3.071267605633803,0.0004
Electronics,PRD0637,93897.25,28,3293.443125,0.0,0.0004
Apparel,PRD0550,93799.78,90,1062.17,3.363777777777778,0.0004
Stationery,PRD1036,93635.67,2697,34.952077922077926,0.9709276437847867,0.0004
Personal_Care,PRD0813,93600.51,168,566.203,1.7466,0.0004
Grocery,PRD0198,93274.87,343,276.85541666666666,1.7334722222222223,0.0004
Stationery,PRD1061,92747.29,223,437.6553488372093,2.606511627906977,0.0004
Beverages,PRD0249,92741.86,455,208.00258064516132,3.0403225806451615,0.0004
Beverages,PRD0324,92503.68,288,328.9132352941176,1.5525,0.0004
Beverages,PRD0345,92398.55,516,179.8895867768595,1.0534710743801652,0.0004
Bakery,PRD0388,92396.41,2749,34.20475669099757,1.477116788321168,0.0004
Personal_Care,PRD0801,91978.3,73,1316.4460869565216,3.6852173913043473,0.0004
Grocery,PRD0028,91936.56,791,117.90251428571428,2.6582857142857144,0.0004
Home_Appliances,PRD0930,91313.58,11,8608.26,7.4475,0.0004
Grocery,PRD0014,91000.23,252,372.46381818181817,3.3925454545454548,0.0004
Personal_Care,PRD0841,90852.57,152,608.316724137931,0.3610344827586207,0.0004
Stationery,PRD1091,90644.86,115,784.3,0.0,0.0004
Footwear,PRD1151,89863.59,22,4070.86,0.0,0.0004
Grocery,PRD0056,89406.56,397,229.34141304347827,2.468804347826087,0.0004
Personal_Care,PRD0770,88813.38,104,866.2496551724139,1.7458620689655173,0.0004
Grocery,PRD0032,88733.3,759,120.87802325581396,2.427325581395349,0.0004
Personal_Care,PRD0804,88644.98,124,714.7474358974359,0.6333333333333333,0.0004
Home_Appliances,PRD0936,88297.69,5,17418.58,0.0,0.0004
Grocery,PRD0027,87998.73,355,257.81074074074075,3.0219753086419754,0.0004
Grocery,PRD0010,87885.92,229,390.3252380952381,2.440714285714286,0.0004
Apparel,PRD0492,87865.09,46,1921.1413636363636,0.0,0.0004
Home_Appliances,PRD0940,87677.96,11,8296.595000000001,2.23625,0.0004
Home_Appliances,PRD0996,87411.53,26,3608.2000000000003,4.541764705882353,0.0004
Stationery,PRD1024,87253.57,101,905.7148,1.584,0.0004
Apparel,PRD0589,87006.7,187,482.2718947368421,4.206315789473685,0.0004
Grocery,PRD0185,86276.5,306,288.74630769230765,3.8116923076923075,0.0004
Electronics,PRD0671,86148.37,33,2519.969,0.0,0.0004
Apparel,PRD0503,85658.38,32,2918.7126315789474,5.012105263157895,0.0004
Beverages,PRD0247,85347.59,408,217.2443243243243,3.810405405405406,0.0004
Apparel,PRD0547,85322.37,144,625.7678481012658,5.911772151898734,0.0004
Home_Appliances,PRD0978,84280.0,8,10429.596666666666,0.0,0.0004
Footwear,PRD1108,83988.39,27,3124.4254545454546,0.0,0.0004
Apparel,PRD0515,83843.44,72,1188.622162162162,3.111891891891892,0.0004
Apparel,PRD0531,83743.98,29,3026.5672727272727,4.465454545454545,0.0004
Beverages,PRD0309,83567.7,251,340.73716981132077,2.3767924528301885,0.0004
Grocery,PRD0025,83440.68,479,178.1658181818182,2.294909090909091,0.0004
Apparel,PRD0513,83390.44,76,1129.058,3.2924444444444445,0.0004
Grocery,PRD0050,83375.22,294,291.5401408450704,2.8869014084507043,0.0004
Personal_Care,PRD0843,83270.5,120,703.6075,0.9927272727272727,0.0004
Beverages,PRD0273,82866.45,823,103.42129411764705,2.2821176470588234,0.0004
Beverages,PRD0267,82650.86,437,192.75658823529415,2.4621176470588235,0.0004
Apparel,PRD0535,82127.67,38,2242.7044444444446,6.941111111111111,0.0004
Personal_Care,PRD0894,81737.02,253,330.1733695652174,2.6017391304347828,0.0004
Electronics,PRD0655,81113.03,32,2644.035,3.8683333333333336,0.0004
Stationery,PRD1042,80920.49,162,516.599705882353,4.102352941176471,0.0004
Home_Appliances,PRD0942,80606.05,20,4005.0007692307695,0.0,0.0004
Electronics,PRD0699,80526.35,33,2422.1858333333334,0.0,0.0004
Apparel,PRD0482,80065.07,29,2970.0246666666667,5.022000000000001,0.0004
Electronics,PRD0735,80005.42,24,3272.7614285714285,0.0,0.0004
Apparel,PRD0633,79184.54000000001,29,2900.8417647058823,5.49,0.0004
Apparel,PRD0502,78329.22,98,835.5313461538461,4.947884615384615,0.0004
Apparel,PRD0593,78312.45999999999,46,1770.9385185185183,1.662962962962963,0.0004
Apparel,PRD0504,77846.59,35,2303.6482352941175,7.060588235294118,0.0004
Apparel,PRD0472,77575.72,55,1426.4593103448276,2.220344827586207,0.0004
Personal_Care,PRD0870,77386.39,89,897.3563157894737,0.0,0.0004
Personal_Care,PRD0827,77080.36,154,517.1008620689655,3.531034482758621,0.0004
Home_Appliances,PRD0913,76972.82,13,6067.0,3.555454545454545,0.0004
Electronics,PRD0705,76560.55,29,2545.087142857143,0.0,0.0004
Apparel,PRD0511,76532.33,33,2419.6855,4.9285,0.0004
Beverages,PRD0354,75890.37,297,261.7629411764706,1.6744117647058823,0.0004
Apparel,PRD0522,75836.2,84,954.2140909090908,4.825681818181818,0.0004
Personal_Care,PRD0808,75809.19,65,1226.651052631579,2.714736842105263,0.0004
Beverages,PRD0237,75792.07,401,192.83531914893618,1.3242553191489361,0.0004
Footwear,PRD1096,75548.89,19,3955.428888888889,0.0,0.0004
Grocery,PRD0111,75141.78,404,192.91848484848484,2.387979797979798,0.0004
Apparel,PRD0590,74897.51,150,515.6298734177216,5.2174683544303795,0.0004
Apparel,PRD0575,74785.23,39,2062.2077777777777,3.4577777777777774,0.0004
Grocery,PRD0117,74642.56,510,150.43785714285715,2.7695535714285713,0.0004
Grocery,PRD0171,74403.93,419,184.95433333333332,4.290666666666667,0.0004
Grocery,PRD0045,73814.13,673,113.67893333333333,3.7407333333333335,0.0004
Grocery,PRD0146,73250.68,329,228.23521126760565,2.2226760563380283,0.0003
Electronics,PRD0682,72557.69,35,2210.616,6.078666666666666,0.0003
Apparel,PRD0533,72554.68000000001,56,1382.1403448275862,6.5120689655172415,0.0003
Electronics,PRD0662,72056.01,15,4787.541,0.0,0.0003
Apparel,PRD0514,72033.85,146,510.892,4.5876,0.0003
Beverages,PRD0346,71513.87,416,178.64523255813953,1.8034883720930233,0.0003
Grocery,PRD0208,71513.02,284,258.3461904761905,1.7846031746031747,0.0003
Apparel,PRD0572,71432.28,23,3134.659230769231,0.0,0.0003
Beverages,PRD0240,71236.4,361,201.03169014084506,1.9074647887323946,0.0003
Apparel,PRD0630,70992.66,50,1639.1555555555553,8.076296296296297,0.0003
Electronics,PRD0726,70663.71,18,3979.312142857143,2.61,0.0003
Home_Appliances,PRD0971,70392.3,13,5481.776363636363,2.9709090909090907,0.0003
Home_Appliances,PRD0983,69808.98,9,7911.935714285714,3.584285714285714,0.0003
Grocery,PRD0201,69531.19,362,194.2479268292683,1.005609756097561,0.0003
Personal_Care,PRD0820,69243.5,227,306.5121111111111,0.9921111111111112,0.0003
Grocery,PRD0069,68863.78,467,152.83838095238096,3.9396190476190474,0.0003
Electronics,PRD0761,68778.14,65,1075.0314285714287,2.7485714285714287,0.0003
Beverages,PRD0305,68430.38,293,239.19770491803277,1.231639344262295,0.0003
Apparel,PRD0551,68346.47,83,899.4255555555555,8.535555555555556,0.0003
Grocery,PRD0090,68293.88,451,157.5483505154639,4.3525773195876285,0.0003
Electronics,PRD0648,67536.83,256,277.32,5.960176991150442,0.0003
Grocery,PRD0153,67267.07,493,138.93647540983608,1.4074590163934426,0.0003
Apparel,PRD0499,67124.66,173,396.24189473684214,2.335052631578947,0.0003
Electronics,PRD0748,66130.3,29,2290.345625,1.2675,0.0003
Grocery,PRD0206,65787.14,801,84.4203888888889,3.162,0.0003
Apparel,PRD0571,65715.8,64,1054.9056666666665,4.233,0.0003
Personal_Care,PRD0811,65671.18000000001,55,1302.90125,3.668125,0.0003
Home_Appliances,PRD1001,65633.95999999999,8,8025.288571428571,0.0,0.0003
Stationery,PRD1011,65055.12,165,399.63,2.3177777777777777,0.0003
Apparel,PRD0520,64843.39,46,1434.3892592592592,1.8685185185185185,0.0003
Footwear,PRD1100,64079.88,36,1735.4194736842105,0.0,0.0003
Grocery,PRD0187,64059.39,278,236.08265625,2.17796875,0.0003
Grocery,PRD0192,63744.73,459,141.83831775700935,2.7555140186915885,0.0003
Home_Appliances,PRD0985,63686.76,58,1121.32025,2.7095,0.0003
Bakery,PRD0445,63516.42,2959,21.819358407079648,1.4275221238938054,0.0003
Apparel,PRD0495,63336.04,149,437.88743243243243,2.8498648648648652,0.0003
Apparel,PRD0627,63332.04,40,1856.3955555555558,10.493333333333332,0.0003
Footwear,PRD1146,63064.39,20,3244.28,0.0,0.0003
Apparel,PRD0558,62885.66,74,893.1639024390245,6.173170731707317,0.0003
Grocery,PRD0118,62674.02,320,198.0721212121212,2.503787878787879,0.0003
Personal_Care,PRD0782,61640.69,117,533.5865957446808,0.7842553191489362,0.0003
Footwear,PRD1115,61093.3,49,1237.106,0.0,0.0003
Apparel,PRD0537,60903.93,171,372.3558823529412,4.401294117647059,0.0003
Apparel,PRD0557,60779.61,120,537.788679245283,6.392452830188679,0.0003
Footwear,PRD1104,60353.09,31,1944.25,1.9416666666666667,0.0003
Apparel,PRD0588,60295.5,171,366.5811904761905,2.6241666666666665,0.0003
Beverages,PRD0306,59927.7,290,210.68650793650792,2.1947619047619047,0.0003
Grocery,PRD0121,59132.55,570,106.0202962962963,2.7436296296296296,0.0003
Beverages,PRD0255,59017.97,509,122.62294736842105,3.345157894736842,0.0003
Home_Appliances,PRD0992,59006.079999999994,11,5538.082222222222,5.213333333333334,0.0003
Apparel,PRD0526,58983.75,150,403.40423529411765,4.19164705882353,0.0003
Home_Appliances,PRD0975,58915.61,13,4683.162222222222,5.434444444444444,0.0003
Home_Appliances,PRD0925,58848.97,6,9790.095000000001,0.0,0.0003
Footwear,PRD1135,58842.18,17,3437.7554545454545,0.0,0.0003
Apparel,PRD0628,58811.12,109,552.6733962264151,2.1360377358490568,0.0003
Apparel,PRD0500,58583.69,52,1171.566551724138,4.939655172413793,0.0003
Beverages,PRD0254,58454.02,428,138.91795454545456,1.565568181818182,0.0003
Grocery,PRD0156,58081.6,344,172.68518072289157,1.2627710843373494,0.0003
Personal_Care,PRD0891,58073.39,133,443.24923076923073,0.6292307692307693,0.0003
Personal_Care,PRD0869,58059.75,212,287.6073134328358,3.1271641791044775,0.0003
Beverages,PRD0278,57853.95,211,279.66066666666666,3.352888888888889,0.0003
Grocery,PRD0002,57605.52,841,72.30883248730964,4.044263959390863,0.0003
Home_Appliances,PRD0921,57564.06,47,1254.4551282051282,1.5723076923076922,0.0003
Personal_Care,PRD0823,57039.84,267,217.07742268041235,1.9224742268041235,0.0003
Grocery,PRD0083,57019.02,204,293.7475,3.6702500000000002,0.0003
Stationery,PRD1092,56900.04,71,803.4300000000001,0.0,0.0003
Home_Appliances,PRD0932,56691.2,14,4179.52125,3.45125,0.0003
Grocery,PRD0204,56615.9,576,100.57278688524589,2.933360655737705,0.0003
Stationery,PRD1073,56532.35,3027,18.80687600644122,1.7198228663446053,0.0003
Personal_Care,PRD0849,56527.71,303,188.08689999999999,1.4519,0.0003
Grocery,PRD0207,56127.89,778,72.83892857142857,1.064047619047619,0.0003
Home_Appliances,PRD0957,55892.14,14,3970.0733333333337,1.5066666666666668,0.0003
Apparel,PRD0595,55746.97,104,555.018,3.3373333333333335,0.0003
Footwear,PRD1141,55623.060000000005,13,4812.163333333333,8.418333333333333,0.0003
Grocery,PRD0093,55402.96,492,115.94009803921568,2.7287254901960782,0.0003
Apparel,PRD0586,55336.86,66,901.701875,7.5121875000000005,0.0003
Stationery,PRD1026,55111.68,169,333.5233333333333,1.4079487179487178,0.0003
Grocery,PRD0175,54869.13,562,99.09325203252033,2.0526829268292683,0.0003
Beverages,PRD0231,54754.0,430,130.25190476190477,1.8516666666666666,0.0003
Beverages,PRD0239,54459.0,347,157.40486842105264,1.3827631578947368,0.0003
Grocery,PRD0077,54448.12,444,128.35379999999998,3.3581,0.0003
Apparel,PRD0542,54350.62,129,435.11575342465756,3.1971232876712325,0.0003
Beverages,PRD0221,54137.93,210,260.0772,1.8324,0.0003
Apparel,PRD0539,54031.41,47,1168.5886206896553,1.4368965517241379,0.0003
Home_Appliances,PRD1004,53159.78,25,2138.9,0.0,0.0003
Bakery,PRD0403,52973.75,2285,23.39002853067047,1.058345221112696,0.0003
Beverages,PRD0276,52741.19,306,182.11806451612904,3.770483870967742,0.0003
Grocery,PRD0141,52703.99,632,84.72594202898551,2.007608695652174,0.0003
Personal_Care,PRD0857,52511.73,184,294.1149275362319,2.4697101449275363,0.0002
Grocery,PRD0038,52500.56,765,70.92005747126437,2.630344827586207,0.0002
Personal_Care,PRD0862,52444.75,117,464.40472727272726,3.471272727272727,0.0002
Beverages,PRD0223,52326.65,211,265.21125,3.085416666666667,0.0002
Personal_Care,PRD0882,52156.08,88,596.6114705882353,2.099705882352941,0.0002
Stationery,PRD1086,52145.729999999996,67,752.8131578947368,0.0,0.0002
Grocery,PRD0041,51994.4,816,64.71808290155441,0.9528497409326425,0.0002
Beverages,PRD0343,51919.78,374,141.5396052631579,2.4482894736842105,0.0002
Grocery,PRD0094,51762.43,450,118.23330434782609,2.353304347826087,0.0002
Beverages,PRD0292,51760.41,345,151.95088607594937,1.800253164556962,0.0002
Electronics,PRD0650,51757.09,110,496.8604347826087,1.4845652173913042,0.0002
Grocery,PRD0189,51455.36,723,72.9533950617284,3.0056172839506172,0.0002
Grocery,PRD0176,51429.41,188,278.95727272727277,3.6018181818181816,0.0002
Apparel,PRD0585,51098.64,98,524.6825531914894,1.4782978723404254,0.0002
Beverages,PRD0357,50995.14,346,149.5325,1.1213157894736843,0.0002
Grocery,PRD0110,50904.97,571,89.96437037037037,1.3502222222222222,0.0002
Apparel,PRD0606,50819.48,88,596.9002380952381,1.2004761904761905,0.0002
Apparel,PRD0565,50699.34,88,578.5378571428571,0.5388095238095237,0.0002
Grocery,PRD0214,50100.9,188,271.4371428571429,2.3071428571428574,0.0002
Grocery,PRD0181,50020.26,308,164.4007692307692,1.1152307692307692,0.0002
Apparel,PRD0616,49858.11,63,811.5564864864865,2.9427027027027024,0.0002
Personal_Care,PRD0833,49833.04,74,704.8625925925926,3.4581481481481484,0.0002
Personal_Care,PRD0777,49720.3,230,220.69068181818182,2.2443181818181817,0.0002
Home_Appliances,PRD0915,49520.71,12,4280.031,1.964,0.0002
Electronics,PRD0685,49486.13,49,1061.530588235294,4.62235294117647,0.0002
Electronics,PRD0715,49471.54,55,967.9375,2.7643750000000002,0.0002
Personal_Care,PRD0888,49303.13,112,441.547027027027,0.9924324324324324,0.0002
Home_Appliances,PRD0923,48638.86,6,11352.4275,14.155,0.0002
Apparel,PRD0601,48604.22,44,1117.025357142857,2.0403571428571428,0.0002
Grocery,PRD0155,48550.31,649,76.78841059602648,2.8172185430463577,0.0002
Grocery,PRD0022,48146.07,360,138.0974117647059,3.208235294117647,0.0002
Beverages,PRD0356,48036.14,200,243.26295454545453,0.5195454545454545,0.0002
Grocery,PRD0005,47678.88,333,148.2296052631579,3.7292105263157898,0.0002
Grocery,PRD0178,47287.340000000004,472,104.47601851851852,3.9749074074074078,0.0002
Grocery,PRD0135,47250.61,705,67.8996178343949,1.6971974522292992,0.0002
Footwear,PRD1133,47172.840000000004,20,2276.831111111111,0.0,0.0002
Beverages,PRD0245,47159.94,274,186.2540350877193,4.450175438596491,0.0002
Electronics,PRD0657,47072.24,11,4176.93,0.0,0.0002
Grocery,PRD0125,47043.99,514,92.93091743119265,1.5045871559633028,0.0002
Home_Appliances,PRD0945,46924.76,27,1730.380625,0.0,0.0002
Electronics,PRD0766,46737.44,39,1397.0641176470588,5.715294117647058,0.0002
Apparel,PRD0507,46006.28,39,1211.1233333333334,4.252857142857143,0.0002
Footwear,PRD1102,45861.45,11,4243.932857142857,0.0,0.0002
Apparel,PRD0527,45688.9,43,1053.7728,0.4696,0.0002
Electronics,PRD0698,45629.77,74,621.8333333333334,3.1784615384615384,0.0002
Apparel,PRD0549,45575.53,53,915.4385185185185,6.472962962962963,0.0002
Electronics,PRD0760,45431.57,30,1501.3916666666667,0.0,0.0002
Stationery,PRD1056,45378.89,100,453.74764705882353,0.0,0.0002
Apparel,PRD0530,45235.29,101,478.4902272727273,3.4688636363636363,0.0002
Beverages,PRD0289,45221.37,150,308.4346428571429,2.5582142857142856,0.0002
Beverages,PRD0229,45145.909999999996,235,196.35830188679245,1.9579245283018867,0.0002
Apparel,PRD0485,44980.46,22,2133.9866666666667,6.5625,0.0002
Footwear,PRD1111,44902.36,15,3050.412857142857,0.0,0.0002
Personal_Care,PRD0867,44646.770000000004,134,333.75716981132075,1.7216981132075468,0.0002
Electronics,PRD0666,44578.7,87,519.660652173913,0.7389130434782608,0.0002
Home_Appliances,PRD0976,44485.39,8,5652.05,0.0,0.0002
Home_Appliances,PRD0938,44425.2,5,9255.653333333334,0.0,0.0002
Personal_Care,PRD0866,44193.44,302,146.51094339622642,1.25811320754717,0.0002
Grocery,PRD0082,43884.28,438,102.26932773109243,1.5984033613445379,0.0002
Apparel,PRD0631,43780.94,19,2581.05,7.922222222222223,0.0002
Apparel,PRD0623,43543.87,21,2184.0157142857142,3.157857142857143,0.0002
Stationery,PRD1019,43326.17,126,343.8096551724138,0.8727586206896553,0.0002
Beverages,PRD0304,43316.39,153,303.78194444444443,4.095555555555555,0.0002
Home_Appliances,PRD0933,43038.78,2,21519.39,0.0,0.0002
Grocery,PRD0085,43024.72,309,145.17,2.0798507462686566,0.0002
Home_Appliances,PRD0991,42994.64,6,7046.155000000001,4.53,0.0002
Personal_Care,PRD0806,42981.59,90,485.385,2.0182352941176473,0.0002
Apparel,PRD0560,42936.8,24,1964.8758333333333,6.724166666666666,0.0002
Electronics,PRD0673,42547.229999999996,31,1458.8694117647058,4.215294117647058,0.0002
Personal_Care,PRD0886,42262.23,155,277.0028571428571,1.7914285714285714,0.0002
Home_Appliances,PRD0987,41763.0,23,1826.7355,0.6719999999999999,0.0002
Personal_Care,PRD0910,41745.52,136,311.0618181818182,0.732909090909091,0.0002
Grocery,PRD0071,41624.43,446,98.35050505050506,3.77,0.0002
Personal_Care,PRD0788,41599.45,276,153.0444680851064,1.4301063829787235,0.0002
Apparel,PRD0546,41351.1,107,404.3904444444444,3.146222222222222,0.0002
Grocery,PRD0012,41208.8,699,59.91314465408805,2.6112578616352202,0.0002
Toys,PRD1175,41152.07,52,798.3755,0.0,0.0002
Footwear,PRD1138,41130.96,7,5873.1875,0.0,0.0002
Apparel,PRD0625,41027.66,43,1024.5235,6.626,0.0002
Home_Appliances,PRD0918,40822.93,7,5878.724,0.0,0.0002
Beverages,PRD0246,40695.6,505,81.54529411764706,2.4570588235294117,0.0002
Grocery,PRD0173,40543.42,293,141.78984375,2.13984375,0.0002
Beverages,PRD0372,40532.32,323,130.69694444444445,3.313888888888889,0.0002
Home_Appliances,PRD1002,40290.12,10,3985.3525,0.0,0.0002
Grocery,PRD0133,40255.43,254,160.75516666666667,1.3076666666666668,0.0002
Grocery,PRD0020,40121.96,247,166.57517857142855,0.8685714285714285,0.0002
Bakery,PRD0427,40061.68,300,138.27,2.75367816091954,0.0002
Apparel,PRD0574,40038.39,30,1430.797,4.985,0.0002
Personal_Care,PRD0889,39930.72,242,167.97511111111112,2.587111111111111,0.0002
Apparel,PRD0610,39847.64,37,1109.7852380952381,8.362380952380953,0.0002
Apparel,PRD0483,39737.03,49,822.8426315789474,0.0,0.0002
Beverages,PRD0303,39718.47,367,109.36271604938271,1.7296296296296296,0.0002
Home_Appliances,PRD0967,39517.03,5,7901.496666666666,0.0,0.0002
Home_Appliances,PRD0961,39441.92,18,2216.6514285714284,0.0,0.0002
Beverages,PRD0259,39331.88,200,202.89913043478262,3.161521739130435,0.0002
Personal_Care,PRD0865,39266.42,205,204.4338961038961,3.1751948051948053,0.0002
Beverages,PRD0250,38993.12,313,125.95164179104478,0.708358208955224,0.0002
Home_Appliances,PRD0914,38874.51,3,14514.706666666665,11.093333333333334,0.0002
Toys,PRD1184,38728.1,19,1997.838181818182,0.0,0.0002
Home_Appliances,PRD0960,38713.35,8,4849.138333333333,0.0,0.0002
Personal_Care,PRD0840,38638.4,66,597.2416666666667,0.7666666666666666,0.0002
Home_Appliances,PRD0928,38570.15,3,12856.716666666667,0.0,0.0002
Personal_Care,PRD0901,38472.72,196,192.676875,1.428125,0.0002
Stationery,PRD1085,38437.32,70,552.6557142857143,0.0,0.0002
Grocery,PRD0055,38363.88,323,118.77636363636363,1.7606060606060607,0.0002
Beverages,PRD0350,38358.36,178,224.81861111111112,1.5619444444444444,0.0002
Grocery,PRD0092,38108.82,435,88.6046875,2.734375,0.0002
Beverages,PRD0262,37962.25,261,151.4008,3.2689999999999997,0.0002
Grocery,PRD0143,37647.46,720,53.24565476190477,2.1657738095238095,0.0002
Beverages,PRD0351,37474.45,225,171.92255813953489,1.9058139534883722,0.0002
Footwear,PRD1121,37455.5,16,2459.31375,0.0,0.0002
Beverages,PRD0228,37409.55,414,91.72144578313254,2.1473493975903613,0.0002
Electronics,PRD0717,37223.95,49,778.0252173913044,9.301739130434783,0.0002
Home_Appliances,PRD1003,37215.409999999996,15,2531.7808333333332,0.0,0.0002
Beverages,PRD0326,37096.21,292,129.5853448275862,0.6232758620689655,0.0002
Beverages,PRD0323,37043.63,247,153.3736170212766,4.2519148936170215,0.0002
Apparel,PRD0615,36960.840000000004,68,555.3505714285715,2.0745714285714287,0.0002
Grocery,PRD0058,36680.11,621,60.39275167785235,1.4904697986577182,0.0002
Toys,PRD1160,36671.02,18,2062.2981818181815,3.2627272727272727,0.0002
Personal_Care,PRD0774,36654.12,155,242.68234375,2.73890625,0.0002
Personal_Care,PRD0858,36630.44,33,1070.783,0.0,0.0002
Beverages,PRD0315,36554.48,340,109.92207792207792,2.4150649350649354,0.0002
Beverages,PRD0251,36551.54,271,135.50390625,1.63515625,0.0002
Home_Appliances,PRD0948,36434.35,4,9108.5875,0.0,0.0002
Home_Appliances,PRD0959,36312.11,7,5187.444285714286,0.0,0.0002
Beverages,PRD0294,36002.89,199,185.85324324324324,2.774594594594595,0.0002
Stationery,PRD1047,35982.66,397,91.91142857142857,1.0217857142857143,0.0002
Bakery,PRD0455,35699.04,381,92.80537190082646,0.7701652892561983,0.0002
Grocery,PRD0036,35674.61,263,137.20967741935485,1.0620967741935483,0.0002
Home_Appliances,PRD0973,35671.92,12,2975.884285714286,0.0,0.0002
Grocery,PRD0209,35642.88,419,87.6301111111111,2.501111111111111,0.0002
Grocery,PRD0079,35274.83,320,116.35614285714286,2.9424285714285716,0.0002
Grocery,PRD0035,35090.35,318,113.24375,1.1481944444444445,0.0002
Grocery,PRD0115,35008.27,305,115.88194029850746,1.1438805970149253,0.0002
Apparel,PRD0619,34983.56,87,422.4470833333333,3.494375,0.0002
Grocery,PRD0098,34914.69,192,186.4817391304348,2.9608695652173918,0.0002
Apparel,PRD0476,34751.51,41,893.4226315789473,2.5926315789473686,0.0002
Beverages,PRD0217,34636.73,102,343.6088888888889,0.0,0.0002
Apparel,PRD0577,34607.83,54,635.1522580645162,4.599677419354839,0.0002
Electronics,PRD0645,34486.659999999996,7,4912.83,0.0,0.0002
Beverages,PRD0336,34381.18,233,148.73285714285714,2.283809523809524,0.0002
Apparel,PRD0607,34133.95,92,398.3354545454546,5.998181818181818,0.0002
Personal_Care,PRD0836,34059.01,88,412.82076923076926,1.5174358974358975,0.0002
Personal_Care,PRD0903,34055.42,109,312.0825,1.1255555555555556,0.0002
Personal_Care,PRD0799,33923.28,28,1232.9933333333333,0.0,0.0002
Apparel,PRD0528,33728.11,86,412.1326,3.8246,0.0002
Apparel,PRD0563,33687.81,33,1036.1295,1.5195,0.0002
Personal_Care,PRD0791,33563.16,67,486.7225,0.0,0.0002
Grocery,PRD0024,33517.39,480,72.8660396039604,3.6779207920792083,0.0002
Grocery,PRD0102,33458.78,291,116.81403225806451,1.909032258064516,0.0002
Beverages,PRD0260,33002.39,258,130.89803571428573,1.5526785714285716,0.0002
Personal_Care,PRD0873,32983.33,123,271.8838636363636,1.6375,0.0002
Footwear,PRD1147,32976.07,7,4663.0775,0.0,0.0002
Personal_Care,PRD0902,32886.03,177,188.15685714285715,1.652,0.0002
Personal_Care,PRD0846,32815.68,230,149.40117647058824,4.821882352941176,0.0002
Beverages,PRD0256,32764.82,438,76.60131868131869,1.7571428571428571,0.0002
Apparel,PRD0490,32655.22,95,355.7418181818182,3.73,0.0002
Beverages,PRD0266,32546.82,303,113.68816901408451,2.9133802816901406,0.0002
Grocery,PRD0105,32536.98,339,99.04768115942029,2.637246376811594,0.0002
Grocery,PRD0195,32483.16,616,54.17743243243243,2.7633783783783783,0.0002
Grocery,PRD0144,32460.170000000002,151,226.48205128205126,4.96,0.0002
Home_Appliances,PRD0953,32161.2,19,1751.0639999999999,4.7733333333333325,0.0002
Beverages,PRD0321,32059.53,183,177.94354838709677,2.658709677419355,0.0002
Personal_Care,PRD0834,31999.47,151,219.4474074074074,2.1487037037037036,0.0002
Toys,PRD1163,31826.420000000002,54,591.8025,0.8220833333333332,0.0002
Beverages,PRD0332,31626.02,300,108.33875,2.58515625,0.0002
Grocery,PRD0145,31422.88,405,78.884875,1.703125,0.0001
Apparel,PRD0516,31411.64,31,1076.913125,7.785625,0.0001
Apparel,PRD0624,31394.510000000002,48,725.4178260869566,6.487391304347827,0.0001
Beverages,PRD0264,31381.44,276,114.74338983050846,1.46,0.0001
Apparel,PRD0471,31354.39,108,303.19962264150945,3.649811320754717,0.0001
Beverages,PRD0337,31190.2,322,99.70857142857143,1.6976623376623377,0.0001
Personal_Care,PRD0880,31133.46,147,211.24921875,0.33125,0.0001
Apparel,PRD0518,31116.36,17,1976.71125,11.49125,0.0001
Personal_Care,PRD0780,31041.760000000002,78,423.463,1.3205,0.0001
Grocery,PRD0100,31039.18,392,80.96617977528089,1.7812359550561798,0.0001
Apparel,PRD0479,30952.31,43,753.38,3.884285714285714,0.0001
Grocery,PRD0112,30918.09,167,184.78766666666667,0.47733333333333333,0.0001
Electronics,PRD0675,30751.57,5,6483.576666666667,0.0,0.0001
Grocery,PRD0026,30673.920000000002,670,46.61814102564103,3.515641025641026,0.0001
Grocery,PRD0199,30611.65,267,119.63590163934427,4.319508196721312,0.0001
Apparel,PRD0508,30599.89,35,907.4270588235295,5.698823529411764,0.0001
Stationery,PRD1057,30562.67,120,256.25935483870967,0.7148387096774194,0.0001
Apparel,PRD0540,30558.63,22,1395.7475000000002,0.0,0.0001
Footwear,PRD1129,30500.0,12,2571.245,0.0,0.0001
Apparel,PRD0473,30437.25,23,1534.3554545454544,9.889090909090909,0.0001
Grocery,PRD0162,30429.89,183,174.30022727272728,3.4625,0.0001
Grocery,PRD0150,30312.1,172,181.70906976744186,2.4832558139534884,0.0001
Grocery,PRD0078,30169.29,652,46.79414965986395,2.855714285714286,0.0001
Beverages,PRD0307,30148.8,422,72.64614583333334,2.7069791666666667,0.0001
Apparel,PRD0559,30108.65,63,493.96971428571425,4.894857142857143,0.0001
Apparel,PRD0545,29901.51,47,670.018,6.0312,0.0001
Electronics,PRD0646,29762.6,19,1679.7476923076924,5.717692307692308,0.0001
Personal_Care,PRD0821,29738.52,72,433.39166666666665,2.6020833333333333,0.0001
Beverages,PRD0353,29619.09,519,57.38584905660377,1.3135849056603774,0.0001
Personal_Care,PRD0816,29617.73,34,920.5891666666666,5.308333333333333,0.0001
Personal_Care,PRD0800,29502.5,103,282.34675675675675,0.0,0.0001
Electronics,PRD0669,29448.510000000002,95,332.37870967741935,5.093870967741935,0.0001
Apparel,PRD0556,29303.14,48,639.6033333333334,3.7304166666666667,0.0001
Electronics,PRD0728,29289.79,65,441.3403703703704,0.0,0.0001
Grocery,PRD0213,28997.46,158,188.24575,2.15475,0.0001
Beverages,PRD0316,28831.73,178,160.89117647058825,0.47970588235294115,0.0001
Footwear,PRD1118,28813.24,16,1822.3111111111111,0.0,0.0001
Apparel,PRD0489,28695.98,41,717.1778947368422,1.473157894736842,0.0001
Personal_Care,PRD0798,28523.13,216,133.60746835443038,1.2778481012658227,0.0001
Apparel,PRD0566,28410.46,36,830.7855,3.7520000000000002,0.0001
Home_Appliances,PRD0919,28394.34,3,9464.78,0.0,0.0001
Personal_Care,PRD0897,28377.51,193,153.80914285714286,2.9530000000000003,0.0001
Toys,PRD1187,28251.28,14,2038.7033333333331,0.0,0.0001
Bakery,PRD0377,28200.95,204,139.2439344262295,0.7024590163934427,0.0001
Bakery,PRD0454,28194.45,211,135.3939705882353,0.9780882352941177,0.0001
Beverages,PRD0282,28182.45,208,139.8988,2.1088,0.0001
Apparel,PRD0612,27890.42,87,333.62326530612245,3.7412244897959184,0.0001
Personal_Care,PRD0876,27813.37,65,421.32120000000003,0.0,0.0001
Apparel,PRD0613,27678.3,36,777.43625,5.82625,0.0001
Stationery,PRD1077,27607.89,70,395.3516666666667,1.0638888888888889,0.0001
Home_Appliances,PRD0924,27566.1,13,2118.0455555555554,0.0,0.0001
Apparel,PRD0570,27294.52,85,329.5163829787234,3.0002127659574467,0.0001
Personal_Care,PRD0824,27263.84,67,406.0441666666666,1.1391666666666667,0.0001
Electronics,PRD0727,27189.54,26,1066.6778571428572,1.3021428571428573,0.0001
Apparel,PRD0611,27078.74,81,336.5552380952381,1.706904761904762,0.0001
Stationery,PRD1059,27068.57,168,166.63714285714286,1.2137142857142857,0.0001
Beverages,PRD0363,27051.420000000002,163,166.4255172413793,1.5448275862068968,0.0001
Bakery,PRD0463,26972.62,184,151.69,3.1896491228070176,0.0001
Personal_Care,PRD0797,26902.73,203,132.16242424242424,1.6506060606060606,0.0001
Stationery,PRD1076,26820.66,97,274.0083333333333,0.0,0.0001
Apparel,PRD0510,26820.55,73,371.3318918918919,2.7421621621621624,0.0001
Apparel,PRD0579,26713.45,70,409.042,6.046,0.0001
Grocery,PRD0159,26470.59,444,60.22484210526316,1.8041052631578949,0.0001
Personal_Care,PRD0875,26457.18,86,313.31875,2.54375,0.0001
Beverages,PRD0291,26032.2,415,64.00454545454546,1.4205194805194805,0.0001
Beverages,PRD0371,26011.63,227,115.97826923076923,2.976730769230769,0.0001
Personal_Care,PRD0899,25999.55,90,295.74368421052634,0.6152631578947368,0.0001
Electronics,PRD0664,25934.07,53,497.0726315789473,2.8810526315789473,0.0001
Personal_Care,PRD0883,25924.13,177,151.59835616438357,2.6230136986301367,0.0001
Beverages,PRD0344,25737.59,69,382.413125,2.5975,0.0001
Beverages,PRD0225,25614.73,541,47.54617391304348,0.9282608695652174,0.0001
Beverages,PRD0277,25613.88,103,271.99285714285713,6.966190476190477,0.0001
Bakery,PRD0380,25560.8,212,121.01408450704226,1.0798591549295775,0.0001
Electronics,PRD0642,25545.16,56,479.4291304347826,4.873913043478261,0.0001
Apparel,PRD0626,25505.25,20,1261.0054545454545,0.0,0.0001
Beverages,PRD0302,25443.68,251,103.83348837209303,2.759767441860465,0.0001
Beverages,PRD0242,25424.77,435,58.89967032967033,1.8394505494505493,0.0001
Apparel,PRD0478,25239.22,52,546.0076923076923,10.528076923076924,0.0001
Electronics,PRD0652,25106.04,48,523.5272413793103,0.0,0.0001
Apparel,PRD0605,25078.14,45,579.9371428571428,2.8504761904761904,0.0001
Beverages,PRD0222,24891.39,283,91.85100000000001,3.714,0.0001
Grocery,PRD0075,24742.27,488,51.33705882352941,1.229579831932773,0.0001
Stationery,PRD1030,24736.2,141,176.57060606060605,2.335454545454546,0.0001
Grocery,PRD0107,24727.46,116,224.16619047619048,4.519047619047619,0.0001
Grocery,PRD0049,24720.9,228,109.58416666666666,0.35000000000000003,0.0001
Home_Appliances,PRD0950,24680.91,13,1898.5315384615385,0.0,0.0001
Electronics,PRD0743,24654.43,4,6915.48,7.206666666666667,0.0001
Grocery,PRD0074,24631.86,397,63.9802380952381,2.3373809523809523,0.0001
Electronics,PRD0710,24603.62,23,1074.9807692307693,0.0,0.0001
Apparel,PRD0576,24583.32,18,1340.91,0.0,0.0001
Home_Appliances,PRD0946,24458.41,20,1247.5746666666666,3.999333333333333,0.0001
Grocery,PRD0113,24457.1,573,43.52279069767442,1.873875968992248,0.0001
Personal_Care,PRD0859,24388.41,108,230.0518181818182,0.0,0.0001
Beverages,PRD0290,24305.03,373,68.02242424242424,3.5925757575757578,0.0001
Grocery,PRD0101,24299.58,450,55.51011363636364,1.9044318181818183,0.0001
Footwear,PRD1120,24253.21,15,1599.236,0.0,0.0001
Apparel,PRD0564,24188.36,48,521.6990476190476,6.193333333333333,0.0001
Toys,PRD1199,24103.32,14,1747.0475,0.0,0.0001
Stationery,PRD1065,24070.26,95,258.9504761904762,1.4595238095238094,0.0001
Footwear,PRD1130,23966.3,6,3994.383333333333,0.0,0.0001
Personal_Care,PRD0802,23817.66,109,221.53621621621622,0.42945945945945946,0.0001
Grocery,PRD0163,23662.22,384,64.12988636363637,3.7971590909090907,0.0001
Stationery,PRD1035,23590.8,85,289.67,4.776666666666666,0.0001
Home_Appliances,PRD0958,23493.65,6,3969.182,0.0,0.0001
Beverages,PRD0364,23487.27,229,105.40418181818181,4.248181818181818,0.0001
Electronics,PRD0697,23445.73,6,4720.9825,11.9975,0.0001
Footwear,PRD1143,23353.5,21,1142.7863636363636,0.0,0.0001
Electronics,PRD0745,23304.87,11,2282.5783333333334,5.923333333333333,0.0001
Footwear,PRD1119,23226.239999999998,13,1877.7549999999999,6.8,0.0001
Footwear,PRD1131,23205.88,9,2593.154,0.0,0.0001
Home_Appliances,PRD0922,23197.71,14,1760.8290909090908,6.340909090909091,0.0001
Grocery,PRD0122,23128.11,618,38.09819548872181,2.08593984962406,0.0001
Apparel,PRD0617,23068.28,76,317.13866666666667,4.091555555555556,0.0001
Apparel,PRD0475,23021.62,46,516.0925,2.880714285714286,0.0001
Stationery,PRD1051,23000.82,83,276.453125,0.0,0.0001
Stationery,PRD1032,22980.14,114,200.29095238095238,0.0,0.0001
Beverages,PRD0328,22912.85,120,198.92000000000002,2.1610714285714283,0.0001
Footwear,PRD1149,22864.22,20,1251.184,6.049,0.0001
Footwear,PRD1103,22685.11,17,1314.52,2.455,0.0001
Electronics,PRD0736,22604.36,3,7527.145,0.0,0.0001
Grocery,PRD0200,22543.57,448,52.15429906542056,2.3433644859813083,0.0001
Footwear,PRD1105,22474.26,8,2744.6549999999997,0.0,0.0001
Stationery,PRD1037,22376.41,45,513.8190000000001,1.6969999999999998,0.0001
Grocery,PRD0216,22345.23,689,33.11248322147651,1.6706040268456377,0.0001
Beverages,PRD0280,22316.8,166,138.04972972972973,3.0670270270270272,0.0001
Apparel,PRD0620,22236.25,56,424.886,2.9636666666666667,0.0001
Personal_Care,PRD0772,21988.54,136,159.1631914893617,1.0504255319148936,0.0001
Grocery,PRD0040,21942.85,131,175.54076923076926,2.04,0.0001
Beverages,PRD0369,21609.83,514,42.70701754385965,2.186140350877193,0.0001
Footwear,PRD1093,21456.43,22,1004.44,0.0,0.0001
Home_Appliances,PRD0941,21444.92,9,2345.442857142857,0.0,0.0001
Toys,PRD1156,21399.82,63,344.1794117647059,3.152058823529412,0.0001
Personal_Care,PRD0795,21365.72,45,489.62523809523816,2.3223809523809527,0.0001
Electronics,PRD0649,21313.18,78,285.92552631578945,2.5023684210526316,0.0001
Home_Appliances,PRD0984,21286.44,10,2277.624444444444,4.8311111111111105,0.0001
Electronics,PRD0713,21224.23,33,688.3794117647059,7.077647058823529,0.0001
Footwear,PRD1136,21210.97,16,1262.4385714285713,0.0,0.0001
Grocery,PRD0007,21176.9,594,36.656323529411765,2.1853676470588232,0.0001
Stationery,PRD1075,20817.28,97,218.7285,0.0,0.0001
Electronics,PRD0643,20802.55,3,6855.24,0.0,0.0001
Personal_Care,PRD0871,20800.28,158,138.42037037037036,2.085,0.0001
Electronics,PRD0740,20775.55,49,437.98464285714283,1.4989285714285714,0.0001
Home_Appliances,PRD0974,20729.24,15,1352.716923076923,0.0,0.0001
Stationery,PRD1048,20708.07,192,111.24949999999998,1.60975,0.0001
Beverages,PRD0297,20568.89,487,42.282105263157895,1.9381052631578948,0.0001
Grocery,PRD0023,20562.16,311,68.65538461538462,3.0353846153846153,0.0001
Stationery,PRD1046,20463.78,54,381.85727272727274,0.0,0.0001
Grocery,PRD0037,20453.97,513,41.175203252032524,2.963739837398374,0.0001
Footwear,PRD1137,20228.809999999998,8,2552.648333333333,0.0,0.0001
Personal_Care,PRD0909,20217.19,128,156.6747619047619,1.2933333333333334,0.0001
Grocery,PRD0149,20205.26,294,70.68985507246377,2.801014492753623,0.0001
Apparel,PRD0536,19958.87,34,595.763,0.8710000000000001,0.0001
Grocery,PRD0039,19944.0,342,58.96443037974683,1.1034177215189873,0.0001
Footwear,PRD1128,19851.12,21,1021.1235714285714,3.745,0.0001
Grocery,PRD0147,19848.96,465,43.964951456310686,3.040970873786408,0.0001
Footwear,PRD1098,19848.01,4,5046.716666666666,0.0,0.0001
Apparel,PRD0578,19827.74,17,1167.1027272727274,0.0,0.0001
Personal_Care,PRD0879,19774.1,94,214.61545454545455,1.0199999999999998,0.0001
Grocery,PRD0194,19715.62,213,97.12574074074074,3.207222222222222,0.0001
Personal_Care,PRD0829,19553.829999999998,66,296.1943333333333,0.7216666666666666,0.0001
Footwear,PRD1113,19537.41,21,946.6683333333334,0.0,0.0001
Electronics,PRD0691,19526.489999999998,7,2782.786666666667,0.0,0.0001
Personal_Care,PRD0826,19415.239999999998,144,136.95,1.6774193548387097,0.0001
Stationery,PRD1066,19352.14,47,413.5845454545455,0.0,0.0001
Home_Appliances,PRD1007,19339.239999999998,6,3223.2066666666665,0.0,0.0001
Beverages,PRD0236,19210.98,324,60.667464788732396,4.346478873239437,0.0001
Stationery,PRD1078,19128.08,143,132.95285714285714,0.0,0.0001
Personal_Care,PRD0831,19091.95,126,153.29744680851064,1.7482978723404257,0.0001
Grocery,PRD0138,19060.25,324,60.15869565217391,2.4840579710144928,0.0001
Grocery,PRD0157,19052.29,563,34.53141666666667,1.72725,0.0001
Toys,PRD1161,19019.69,11,1713.90875,0.0,0.0001
Beverages,PRD0287,18965.62,122,158.00791666666666,1.1362500000000002,0.0001
Footwear,PRD1106,18818.88,9,2040.47,0.0,0.0001
Grocery,PRD0130,18788.26,555,34.53007633587786,2.6287786259541983,0.0001
Apparel,PRD0603,18495.06,32,581.94875,2.666875,0.0001
Beverages,PRD0284,18417.26,540,34.67466666666667,3.234666666666667,0.0001
Beverages,PRD0318,18398.69,196,94.50847826086957,1.8330434782608693,0.0001
Grocery,PRD0066,18228.11,291,63.338196721311476,1.7447540983606558,0.0001
Bakery,PRD0467,18170.44,183,101.22962264150944,1.7473584905660378,0.0001
Personal_Care,PRD0786,18161.66,94,200.84833333333333,2.554666666666667,0.0001
Grocery,PRD0060,18140.92,316,59.72984375,4.1865625,0.0001
Stationery,PRD1020,18131.08,49,387.5988888888889,1.1633333333333333,0.0001
Personal_Care,PRD0887,18043.09,83,216.0413333333333,0.6869999999999999,0.0001
Bakery,PRD0425,17964.35,226,80.35507692307692,1.4627692307692308,0.0001
Beverages,PRD0248,17893.63,674,26.94527397260274,1.8343835616438355,0.0001
Home_Appliances,PRD0955,17614.97,15,1281.8522222222223,4.566666666666666,0.0001
Beverages,PRD0342,17558.18,638,28.415255474452554,2.3747445255474453,0.0001
Personal_Care,PRD0884,17537.38,87,207.47804878048782,3.444390243902439,0.0001
Apparel,PRD0538,17475.12,20,939.8581818181818,7.131818181818182,0.0001
Home_Appliances,PRD0993,17173.72,8,2183.226,0.0,0.0001
Personal_Care,PRD0796,17103.77,143,126.3691836734694,1.8357142857142859,0.0001
Apparel,PRD0512,17030.41,28,605.0699999999999,2.0433333333333334,0.0001
Toys,PRD1170,17025.56,22,784.3277777777778,3.647777777777778,0.0001
Apparel,PRD0554,17021.05,15,1162.94375,4.77125,0.0001
Grocery,PRD0046,16986.35,321,55.26281690140845,3.4143661971830985,0.0001
Personal_Care,PRD0805,16851.1,104,162.16875,1.925,0.0001
Apparel,PRD0488,16770.55,30,578.7621052631579,5.5736842105263165,0.0001
Bakery,PRD0451,16737.12,134,128.1613157894737,0.3005263157894737,0.0001
Electronics,PRD0768,16696.190000000002,10,1540.6680000000001,4.843999999999999,0.0001
Home_Appliances,PRD0947,16669.95,8,2070.5066666666667,0.0,0.0001
Electronics,PRD0665,16631.02,30,593.52,5.209090909090909,0.0001
Apparel,PRD0555,16550.71,47,370.1417391304348,3.0804347826086955,0.0001
Stationery,PRD1015,16465.38,120,142.57666666666668,1.8183333333333334,0.0001
Grocery,PRD0065,16464.62,170,100.28828571428572,1.5425714285714287,0.0001
Beverages,PRD0220,16374.76,381,44.16987341772152,2.5035443037974683,0.0001
Grocery,PRD0136,16146.2,162,101.25948717948718,3.713076923076923,0.0001
Beverages,PRD0320,16052.17,477,34.203298969072165,1.6983505154639176,0.0001
Home_Appliances,PRD0986,15968.14,23,698.5973333333334,0.9273333333333333,0.0001
Apparel,PRD0580,15964.29,32,525.45875,4.08,0.0001
Beverages,PRD0370,15918.96,364,44.568749999999994,2.0900000000000003,0.0001
Electronics,PRD0680,15905.96,46,359.1792,2.5024,0.0001
Beverages,PRD0310,15881.17,294,55.39272727272727,2.5445454545454544,0.0001
Grocery,PRD0011,15862.0,427,38.893431372549024,3.5937254901960785,0.0001
Personal_Care,PRD0814,15766.15,59,269.85105263157897,1.1957894736842105,0.0001
Grocery,PRD0177,15736.24,374,42.66448717948718,2.1853846153846153,0.0001
Apparel,PRD0591,15714.68,22,712.902142857143,0.0,0.0001
Bakery,PRD0414,15692.64,230,70.12070175438596,1.1596491228070174,0.0001
Electronics,PRD0719,15670.02,19,825.5742857142858,1.8842857142857141,0.0001
Home_Appliances,PRD0997,15660.09,22,764.070625,5.735,0.0001
Grocery,PRD0179,15609.71,357,44.94391891891892,1.9435135135135133,0.0001
Apparel,PRD0506,15590.13,54,310.8775862068966,7.623103448275862,0.0001
Bakery,PRD0457,15270.789999999999,101,154.080303030303,1.123030303030303,0.0001
Toys,PRD1157,15204.630000000001,13,1140.164,0.0,0.0001
Apparel,PRD0629,15121.27,32,500.4090476190476,5.183809523809524,0.0001
Apparel,PRD0609,14946.05,32,488.78277777777777,5.006111111111111,0.0001
Personal_Care,PRD0776,14927.17,60,247.34142857142857,2.67952380952381,0.0001
Grocery,PRD0051,14925.47,166,93.1878947368421,3.1826315789473685,0.0001
Stationery,PRD1027,14900.02,25,769.315,14.3125,0.0001
Footwear,PRD1123,14898.23,11,1469.4425,0.0,0.0001
Home_Appliances,PRD0952,14726.01,5,3247.562,8.362,0.0001
Bakery,PRD0442,14705.78,102,149.428125,1.7053125,0.0001
Beverages,PRD0368,14610.28,69,209.62818181818182,0.0,0.0001
Beverages,PRD0230,14568.36,91,160.9484,1.5912,0.0001
Footwear,PRD1144,14515.91,15,974.4975,0.0,0.0001
Toys,PRD1177,14480.27,28,527.077,4.527,0.0001
Personal_Care,PRD0878,14328.79,36,404.9184615384615,4.146923076923077,0.0001
Toys,PRD1197,14211.82,27,528.4333333333333,0.0,0.0001
Bakery,PRD0446,14190.24,102,141.1606896551724,1.7420689655172414,0.0001
Home_Appliances,PRD0963,14177.36,2,7088.68,0.0,0.0001
Bakery,PRD0421,14149.56,142,99.56410256410257,0.3,0.0001
Apparel,PRD0635,14129.52,21,722.273,5.569,0.0001
Toys,PRD1154,14079.509999999998,9,1567.0349999999999,0.0,0.0001
Grocery,PRD0123,14032.73,346,41.41951219512195,3.0706097560975607,0.0001
Electronics,PRD0721,13961.58,15,973.17125,3.25875,0.0001
Grocery,PRD0210,13827.0,237,59.74071428571428,1.7466071428571428,0.0001
Grocery,PRD0008,13773.61,431,32.67834862385321,2.006788990825688,0.0001
Electronics,PRD0696,13635.06,27,541.7378571428571,5.1850000000000005,0.0001
Grocery,PRD0080,13558.91,294,47.23763888888889,2.7348611111111114,0.0001
Electronics,PRD0720,13520.29,57,231.0909523809524,0.0,0.0001
Bakery,PRD0382,13465.48,137,99.91309523809525,1.4985714285714284,0.0001
Beverages,PRD0319,13444.94,98,142.6338888888889,2.964444444444444,0.0001
Toys,PRD1174,13439.51,22,630.286,6.116,0.0001
Apparel,PRD0524,13433.58,27,538.58875,5.93125,0.0001
Apparel,PRD0477,13427.96,26,528.7885714285715,0.0,0.0001
Stationery,PRD1010,13374.7,44,304.53444444444443,4.16,0.0001
Apparel,PRD0543,13367.35,42,344.936875,5.858125,0.0001
Home_Appliances,PRD0935,13331.59,17,825.7099999999999,4.4823076923076925,0.0001
Beverages,PRD0283,13319.98,137,107.24642857142858,5.775,0.0001
Apparel,PRD0493,13114.32,7,1923.348,4.604,0.0001
Home_Appliances,PRD0949,13020.03,10,1286.2057142857143,0.0,0.0001
Footwear,PRD1127,12988.44,21,630.3824999999999,1.60875,0.0001
Electronics,PRD0750,12985.98,25,517.3,2.49,0.0001
Stationery,PRD1022,12826.460000000001,170,78.77526315789474,1.8465789473684207,0.0001
Footwear,PRD1101,12781.7,15,839.5066666666667,0.0,0.0001
Personal_Care,PRD0789,12771.380000000001,34,382.80444444444447,1.23,0.0001
Beverages,PRD0235,12745.2,212,61.17046511627907,4.065581395348837,0.0001
Beverages,PRD0234,12676.67,169,74.77685714285714,1.3062857142857143,0.0001
Stationery,PRD1031,12601.33,70,175.52133333333333,0.0,0.0001
Bakery,PRD0393,12581.78,175,72.10795918367347,1.7251020408163265,0.0001
Toys,PRD1200,12578.06,7,1794.86,0.0,0.0001
Bakery,PRD0443,12381.210000000001,213,58.79538461538461,2.350769230769231,0.0001
Stationery,PRD1029,12364.91,90,140.46,0.0,0.0001
Home_Appliances,PRD0920,12361.86,6,2060.31,0.0,0.0001
Footwear,PRD1097,12347.29,14,866.9175,0.0,0.0001
Stationery,PRD1062,12249.68,116,111.17375,2.0820833333333333,0.0001
Beverages,PRD0258,12240.56,249,50.1134693877551,0.6542857142857144,0.0001
Beverages,PRD0335,12228.77,184,69.54425,1.59575,0.0001
Apparel,PRD0548,12120.69,28,447.2375,1.77375,0.0001
Footwear,PRD1114,12110.59,9,1333.456,0.0,0.0001
Beverages,PRD0301,12097.39,181,66.91969696969697,1.4224242424242424,0.0001
Beverages,PRD0365,12086.57,236,53.2206976744186,3.1946511627906977,0.0001
Toys,PRD1181,12085.66,12,1034.2366666666667,0.0,0.0001
Grocery,PRD0057,11967.98,175,68.36105263157894,1.558684210526316,0.0001
Electronics,PRD0639,11884.17,9,1284.51,0.0,0.0001
Grocery,PRD0168,11840.48,355,33.692142857142855,1.5622619047619046,0.0001
Apparel,PRD0587,11686.279999999999,12,1062.2385714285715,7.24,0.0001
Beverages,PRD0334,11627.4,116,107.0092,6.077999999999999,0.0001
Apparel,PRD0561,11612.18,38,307.75,0.47190476190476194,0.0001
Stationery,PRD1028,11412.09,34,337.07125,0.0,0.0001
Personal_Care,PRD0803,11394.210000000001,54,220.18777777777777,4.137037037037037,0.0001
Beverages,PRD0233,11378.01,212,55.41258064516129,2.212258064516129,0.0001
Electronics,PRD0732,11364.77,27,450.8764705882353,5.37764705882353,0.0001
Bakery,PRD0431,11311.31,268,42.43835616438356,1.3873972602739726,0.0001
Footwear,PRD1150,11286.8,15,799.22375,3.82375,0.0001
Toys,PRD1180,11263.63,10,1131.274,0.0,0.0001
Bakery,PRD0453,11236.89,79,146.2067857142857,1.7757142857142856,0.0001
Electronics,PRD0765,11071.03,12,933.0942857142857,5.864285714285714,0.0001
Bakery,PRD0376,11045.41,132,84.27232558139535,0.7876744186046511,0.0001
Grocery,PRD0139,11023.79,234,48.052244897959184,2.2612244897959184,0.0001
Beverages,PRD0312,10835.49,70,154.42142857142858,0.0,0.0001
Home_Appliances,PRD0934,10787.11,10,1103.24375,0.0,0.0001
Electronics,PRD0653,10715.97,39,276.20166666666665,1.1144444444444443,0.0001
Electronics,PRD0744,10697.61,15,731.008,2.088,0.0001
Personal_Care,PRD0907,10688.88,101,109.58594594594594,1.978918918918919,0.0001
Apparel,PRD0494,10664.4,10,1138.0633333333333,10.531666666666666,0.0001
Toys,PRD1189,10642.41,9,1164.0919999999999,0.0,0.0001
Bakery,PRD0411,10587.42,113,93.00290322580646,0.6641935483870968,0.0001
Bakery,PRD0426,10579.76,90,117.89758620689655,2.6724137931034484,0.0001
Electronics,PRD0706,10573.46,11,946.13,0.0,0.0001
Electronics,PRD0747,10553.66,25,442.6806666666667,3.96,0.0001
Footwear,PRD1139,10538.15,6,1870.6060000000002,7.696,0.0001
Footwear,PRD1094,10515.3,7,1593.18,5.9825,0.0001
Footwear,PRD1095,10473.9,2,5236.95,0.0,0.0
Grocery,PRD0044,10402.7,185,57.41486486486486,2.0724324324324326,0.0
Footwear,PRD1107,10253.0,12,856.5425,0.0,0.0
Apparel,PRD0608,9986.57,32,317.7495,1.8895,0.0
Home_Appliances,PRD0999,9978.77,3,3326.2566666666667,0.0,0.0
Grocery,PRD0197,9917.630000000001,290,35.581935483870964,5.728709677419355,0.0
Personal_Care,PRD0853,9845.32,45,217.6104347826087,0.0,0.0
Beverages,PRD0333,9835.08,324,30.516060606060606,2.2506060606060605,0.0
Footwear,PRD1148,9830.54,2,4915.27,0.0,0.0
Stationery,PRD1052,9716.11,85,114.87384615384616,1.4469230769230768,0.0
Electronics,PRD0711,9600.49,40,241.57000000000002,0.0,0.0
Toys,PRD1178,9589.51,13,743.2057142857142,0.0,0.0
Beverages,PRD0265,9424.85,317,30.724776119402986,2.6756716417910447,0.0
Home_Appliances,PRD0951,9389.05,10,938.905,0.0,0.0
Home_Appliances,PRD0927,9308.06,4,2324.84,0.0,0.0
Apparel,PRD0599,9182.880000000001,25,385.2291666666667,6.523333333333333,0.0
Beverages,PRD0219,9044.99,189,49.86765957446809,2.888510638297872,0.0
Toys,PRD1176,8982.0,13,713.5799999999999,0.0,0.0
Personal_Care,PRD0779,8947.7,34,256.55583333333334,0.0,0.0
Footwear,PRD1145,8796.04,5,1687.9399999999998,0.0,0.0
Grocery,PRD0063,8710.55,184,49.13972972972973,2.798378378378378,0.0
Stationery,PRD1084,8679.210000000001,205,42.47526315789474,0.4960526315789474,0.0
Apparel,PRD0597,8569.26,22,402.5392307692308,1.4607692307692306,0.0
Grocery,PRD0089,8484.210000000001,260,33.41178571428571,2.943214285714286,0.0
Electronics,PRD0708,8481.72,27,334.0438461538461,3.790769230769231,0.0
Beverages,PRD0317,8467.75,250,35.01541666666667,1.4400000000000002,0.0
Footwear,PRD1099,8337.05,8,1102.628,4.274,0.0
Home_Appliances,PRD0980,8334.279999999999,2,4167.139999999999,0.0,0.0
Apparel,PRD0618,8316.81,25,373.0421428571429,8.073571428571428,0.0
Bakery,PRD0379,8290.75,141,59.171428571428564,2.699047619047619,0.0
Bakery,PRD0429,8233.81,165,49.57925925925926,0.807037037037037,0.0
Beverages,PRD0352,8213.539999999999,225,38.12529411764706,4.35686274509804,0.0
Personal_Care,PRD0838,8212.79,42,197.9057142857143,2.507619047619048,0.0
Bakery,PRD0391,8208.94,142,59.16106382978724,1.4191489361702125,0.0
Bakery,PRD0413,8184.42,90,91.54740740740742,0.7814814814814816,0.0
Beverages,PRD0348,8147.3,43,188.4146153846154,0.0,0.0
Toys,PRD1198,8017.339999999999,6,1302.8799999999999,0.0,0.0
Home_Appliances,PRD0926,7936.25,1,7936.25,0.0,0.0
Bakery,PRD0385,7926.39,235,33.981688311688316,1.513116883116883,0.0
Apparel,PRD0532,7907.79,7,1192.595,5.6175,0.0
Bakery,PRD0418,7902.05,72,107.7105,0.0,0.0
Footwear,PRD1152,7857.879999999999,4,1986.4299999999998,0.0,0.0
Home_Appliances,PRD0966,7766.0,6,1299.1399999999999,0.0,0.0
Electronics,PRD0758,7754.8,30,263.53615384615387,4.049230769230769,0.0
Bakery,PRD0434,7733.2,297,25.362626262626264,0.5028282828282827,0.0
Footwear,PRD1116,7716.82,4,1929.205,0.0,0.0
Toys,PRD1192,7694.04,16,495.206,0.0,0.0
Beverages,PRD0339,7686.93,152,52.54875,1.55775,0.0
Bakery,PRD0406,7681.16,105,74.97638888888889,2.441388888888889,0.0
Electronics,PRD0668,7676.68,6,1341.426,3.6479999999999997,0.0
Personal_Care,PRD0892,7572.16,49,161.538,4.589333333333333,0.0
Stationery,PRD1072,7462.34,134,55.82612903225806,0.0,0.0
Bakery,PRD0422,7442.219999999999,45,161.95352941176472,0.0,0.0
Apparel,PRD0491,7381.030000000001,20,372.7316666666666,0.0,0.0
Stationery,PRD1009,7216.14,42,173.24375,0.0,0.0
Bakery,PRD0378,7214.2699999999995,120,60.17153846153846,2.4876923076923076,0.0
Bakery,PRD0375,7181.86,208,35.27719298245614,1.5540350877192983,0.0
Toys,PRD1159,7156.92,8,901.78,0.0,0.0
Home_Appliances,PRD0998,7020.18,5,1481.45,4.9719999999999995,0.0
Bakery,PRD0459,6975.09,143,49.17627906976744,2.2090697674418602,0.0
Toys,PRD1165,6835.25,5,1355.5833333333333,0.0,0.0
Stationery,PRD1055,6807.46,76,89.5564705882353,0.0,0.0
Footwear,PRD1124,6678.96,2,3339.48,0.0,0.0
Grocery,PRD0120,6634.76,203,33.91288888888889,3.657111111111111,0.0
Beverages,PRD0293,6467.91,215,29.9572972972973,0.6294594594594595,0.0
Apparel,PRD0544,6449.0599999999995,23,319.8363636363636,10.476363636363637,0.0
Toys,PRD1166,6394.46,28,229.14777777777778,2.1555555555555554,0.0
Stationery,PRD1018,6286.06,233,27.31782608695652,2.074782608695652,0.0
Personal_Care,PRD0784,6218.28,59,108.34,0.5254545454545455,0.0
Toys,PRD1179,6191.56,5,1397.4225000000001,14.0275,0.0
Bakery,PRD0430,6188.46,71,93.24722222222222,1.9249999999999998,0.0
Bakery,PRD0387,6186.09,248,25.36642857142857,1.309,0.0
Apparel,PRD0517,6164.34,18,390.63166666666666,6.038333333333333,0.0
Bakery,PRD0468,6114.49,64,96.04037037037038,1.6644444444444444,0.0
Beverages,PRD0358,6112.62,240,25.746170212765957,2.560425531914894,0.0
Grocery,PRD0009,6104.4400000000005,170,40.04827586206897,7.813793103448275,0.0
Toys,PRD1167,6089.9400000000005,3,2037.645,0.0,0.0
Grocery,PRD0193,5985.69,175,35.20288888888889,1.1437777777777778,0.0
Apparel,PRD0525,5912.860000000001,6,1116.648,14.680000000000001,0.0
Stationery,PRD1023,5885.51,49,120.90899999999999,2.336,0.0
Stationery,PRD1044,5860.72,93,63.12842105263158,0.0,0.0
Toys,PRD1190,5843.1900000000005,17,368.6118181818182,6.763636363636365,0.0
Bakery,PRD0396,5833.26,138,44.43,4.310227272727273,0.0
Footwear,PRD1112,5533.32,2,2766.66,0.0,0.0
Toys,PRD1173,5443.37,11,486.09833333333336,0.0,0.0
Beverages,PRD0330,5411.95,77,70.47238095238096,0.0,0.0
Toys,PRD1195,5407.66,6,909.8625,0.0,0.0
Beverages,PRD0329,5366.54,59,94.72500000000001,2.345,0.0
Bakery,PRD0374,5364.96,141,38.575625,0.736875,0.0
Electronics,PRD0734,5324.87,17,313.49375,0.0,0.0
Toys,PRD1194,5294.29,26,200.0225,2.12875,0.0
Home_Appliances,PRD0943,5207.27,5,1041.4540000000002,0.0,0.0
Stationery,PRD1012,5205.77,263,20.22450980392157,2.200980392156863,0.0
Electronics,PRD0689,5103.43,20,259.57,4.97,0.0
Apparel,PRD0553,5100.620000000001,4,1275.1550000000002,0.0,0.0
Toys,PRD1183,5063.639999999999,11,455.0385714285714,0.0,0.0
Beverages,PRD0299,5046.76,124,41.565000000000005,1.5466666666666669,0.0
Stationery,PRD1087,5000.7,183,28.245714285714286,0.6488571428571429,0.0
Bakery,PRD0464,4951.37,115,42.708999999999996,1.233,0.0
Bakery,PRD0395,4922.59,81,62.801785714285714,2.731785714285714,0.0
Stationery,PRD1038,4892.57,48,114.34,5.661428571428572,0.0
Stationery,PRD1021,4795.19,128,38.978095238095236,3.5819047619047617,0.0
Grocery,PRD0004,4704.79,125,40.00379310344828,5.212758620689656,0.0
Footwear,PRD1125,4655.26,2,2327.63,0.0,0.0
Bakery,PRD0383,4532.42,149,30.580784313725488,0.0,0.0
Stationery,PRD1041,4510.35,42,110.68142857142857,0.0,0.0
Bakery,PRD0423,4508.38,83,54.32863636363636,1.5054545454545454,0.0
Toys,PRD1196,4472.08,14,317.105,0.0,0.0
Electronics,PRD0704,4386.639999999999,9,486.2285714285714,0.0,0.0
Electronics,PRD0749,4238.42,12,354.24333333333334,0.0,0.0
Stationery,PRD1013,4208.6,169,24.689285714285713,0.0,0.0
Bakery,PRD0462,4176.55,110,38.562000000000005,0.6914285714285714,0.0
Toys,PRD1155,4148.22,6,691.37,0.0,0.0
Home_Appliances,PRD0979,4120.0599999999995,5,824.012,0.0,0.0
Beverages,PRD0338,4073.67,67,60.26933333333333,0.0,0.0
Electronics,PRD0660,3908.8999999999996,20,217.6783333333333,4.7175,0.0
Toys,PRD1185,3902.75,26,154.59785714285712,5.357142857142857,0.0
Stationery,PRD1014,3842.2999999999997,145,27.351764705882353,3.4861764705882354,0.0
Bakery,PRD0415,3750.76,46,82.071875,0.0,0.0
Electronics,PRD0656,3731.33,2,1865.665,0.0,0.0
Stationery,PRD1080,3728.44,14,266.985,0.0,0.0
Personal_Care,PRD0860,3674.46,10,394.5614285714286,6.057142857142858,0.0
Bakery,PRD0381,3663.59,96,38.395,0.0,0.0
Beverages,PRD0269,3594.42,101,36.66583333333333,3.1758333333333333,0.0
Bakery,PRD0456,3486.84,111,31.015625,0.695,0.0
Bakery,PRD0386,3442.38,99,36.324230769230766,1.04,0.0
Home_Appliances,PRD0995,3438.88,2,1719.44,0.0,0.0
Home_Appliances,PRD0956,3430.66,5,715.1833333333334,6.1066666666666665,0.0
Bakery,PRD0436,3378.96,45,74.65307692307692,0.0,0.0
Bakery,PRD0438,3343.46,45,76.08210526315789,1.5842105263157895,0.0
Beverages,PRD0322,3341.95,117,29.0975,2.41125,0.0
Stationery,PRD1034,3315.59,105,31.6816,1.7748,0.0
Bakery,PRD0398,3259.82,96,34.90333333333333,0.7741666666666666,0.0
Stationery,PRD1053,3235.98,110,29.479000000000003,0.0,0.0
Stationery,PRD1060,3087.19,148,20.955,1.845,0.0
Stationery,PRD1067,3066.5,56,55.14875,0.0,0.0
Beverages,PRD0272,3038.67,89,36.43173913043478,2.7978260869565217,0.0
Home_Appliances,PRD0964,3019.65,3,1021.21,0.0,0.0
Electronics,PRD0759,2971.2,4,742.8,0.0,0.0
Electronics,PRD0674,2958.38,13,227.44500000000002,0.0,0.0
Stationery,PRD1016,2935.23,103,28.185625,0.986875,0.0
Footwear,PRD1126,2904.33,4,748.8666666666667,0.0,0.0
Bakery,PRD0447,2868.82,98,29.753333333333334,1.8406666666666667,0.0
Bakery,PRD0420,2854.8,121,24.421627906976745,3.899767441860465,0.0
Toys,PRD1193,2852.42,16,177.63444444444445,0.0,0.0
Bakery,PRD0461,2844.6,118,24.08609756097561,0.6939024390243902,0.0
Footwear,PRD1140,2825.1,3,937.3050000000001,0.0,0.0
Bakery,PRD0419,2821.03,39,75.95833333333333,0.965,0.0
Electronics,PRD0647,2775.31,14,198.5442857142857,0.0,0.0
Electronics,PRD0640,2772.8199999999997,12,241.648,0.0,0.0
Bakery,PRD0407,2764.76,33,83.93181818181819,0.0,0.0
Footwear,PRD1109,2730.84,2,1365.42,0.0,0.0
Stationery,PRD1070,2711.35,154,17.73,0.0,0.0
Bakery,PRD0404,2701.81,49,55.11000000000001,0.0,0.0
Bakery,PRD0390,2644.63,118,24.341351351351353,3.6429729729729727,0.0
Bakery,PRD0460,2595.51,51,50.941428571428574,0.0,0.0
Bakery,PRD0441,2505.88,52,49.125,1.421875,0.0
Stationery,PRD1054,2460.71,97,25.853499999999997,1.9375,0.0
Electronics,PRD0651,2388.25,8,335.8025,0.0,0.0
Footwear,PRD1122,2283.87,3,753.46,0.0,0.0
Bakery,PRD0408,2261.21,56,41.01318181818181,1.0454545454545454,0.0
Stationery,PRD1074,2247.23,28,82.03,0.0,0.0
Toys,PRD1186,2221.37,10,221.70285714285714,2.5785714285714287,0.0
Bakery,PRD0424,2168.93,69,34.866086956521734,2.402608695652174,0.0
Stationery,PRD1081,2136.51,70,30.305384615384618,0.0,0.0
Home_Appliances,PRD0969,2047.8600000000001,2,1100.93,5.99,0.0
Bakery,PRD0450,1940.38,49,39.968666666666664,1.7233333333333334,0.0
Bakery,PRD0405,1895.77,44,44.350769230769224,2.633846153846154,0.0
Electronics,PRD0738,1894.13,4,485.49666666666667,3.953333333333333,0.0
Stationery,PRD1064,1783.5,89,19.774444444444445,0.0,0.0
Stationery,PRD1039,1769.79,64,27.9525,0.0,0.0
Toys,PRD1171,1748.87,9,194.83333333333334,0.0,0.0
Bakery,PRD0465,1699.58,51,33.92666666666667,1.4658333333333333,0.0
Home_Appliances,PRD1005,1566.58,2,783.29,0.0,0.0
Toys,PRD1168,1543.3600000000001,8,194.61666666666667,0.0,0.0
Beverages,PRD0257,1496.35,48,31.965454545454545,2.1772727272727272,0.0
Stationery,PRD1083,1488.06,71,21.18769230769231,0.0,0.0
Toys,PRD1158,1421.1,7,219.3657142857143,7.024285714285713,0.0
Stationery,PRD1071,1395.65,48,29.39,2.0875,0.0
Electronics,PRD0723,1352.1599999999999,4,338.03999999999996,0.0,0.0
Beverages,PRD0341,1342.94,33,40.327,0.0,0.0
Electronics,PRD0688,1336.62,6,259.7766666666667,14.003333333333332,0.0
Stationery,PRD1082,1314.24,4,328.56,0.0,0.0
Toys,PRD1191,1245.78,6,207.63,0.0,0.0
Toys,PRD1169,1030.83,3,349.73,0.0,0.0
Toys,PRD1172,982.64,6,163.77333333333334,0.0,0.0
Stationery,PRD1068,925.77,39,23.66,0.0,0.0
Bakery,PRD0432,851.16,22,39.15916666666667,3.331666666666667,0.0
Stationery,PRD1058,738.9,20,37.010000000000005,0.0,0.0
Bakery,PRD0384,673.65,31,22.135454545454547,5.192727272727273,0.0
Footwear,PRD1117,653.51,1,653.51,0.0,0.0
Stationery,PRD1040,643.4599999999999,32,21.2925,2.69375,0.0
Bakery,PRD0428,445.71000000000004,23,19.296,0.0,0.0
Stationery,PRD1069,381.07,13,29.253333333333334,0.0,0.0
Toys,PRD1164,311.75,2,155.875,0.0,0.0
Toys,PRD1182,251.02,2,125.51,0.0,0.0
